x,y,density
0.0475,0.0546875,0
0.1425,0.0546875,0
0.2375,0.0546875,0
0.3325,0.0546875,0
0.4275,0.0546875,0
0.5225,0.0546875,0
0.6175,0.0546875,0
0.7125,0.0546875,0
0.8075,0.0546875,0
0.9025,0.0546875,0
0.9975,0.0546875,0
1.0925,0.0546875,0
1.1875,0.0546875,0
1.2825,0.0546875,0
1.3775,0.0546875,0
1.4725,0.0546875,0
1.5675,0.0546875,0
1.6625,0.0546875,0
1.7575,0.0546875,0
1.8525,0.0546875,0
1.9475,0.0546875,0
2.0425,0.0546875,0.795053
2.1375,0.0546875,1
2.2325,0.0546875,1
2.3275,0.0546875,1
2.4225,0.0546875,0.204947
2.5175,0.0546875,0
2.6125,0.0546875,0
2.7075,0.0546875,0.0364061
2.8025,0.0546875,1
2.8975,0.0546875,1
2.9925,0.0546875,1
3.0875,0.0546875,1
3.1825,0.0546875,1
3.2775,0.0546875,0.963594
3.3725,0.0546875,0
3.4675,0.0546875,0
3.5625,0.0546875,0
3.6575,0.0546875,0
3.7525,0.0546875,0.795732
3.8475,0.0546875,1
3.9425,0.0546875,1
4.0375,0.0546875,1
4.1325,0.0546875,1
4.2275,0.0546875,1
4.3225,0.0546875,0.204268
4.4175,0.0546875,0
4.5125,0.0546875,0
4.6075,0.0546875,0.790136
4.7025,0.0546875,1
4.7975,0.0546875,1
4.8925,0.0546875,1
4.9875,0.0546875,1
5.0825,0.0546875,1
5.1775,0.0546875,0.209864
5.2725,0.0546875,0.571618
5.3675,0.0546875,1
5.4625,0.0546875,1
5.5575,0.0546875,1
5.6525,0.0546875,1
5.7475,0.0546875,1
5.8425,0.0546875,1
5.9375,0.0546875,1
6.0325,0.0546875,0.428382
0.0475,0.164062,0
0.1425,0.164062,0
0.2375,0.164062,0
0.3325,0.164062,0
0.4275,0.164062,0
0.5225,0.164062,0
0.6175,0.164062,0
0.7125,0.164062,0
0.8075,0.164062,0
0.9025,0.164062,0
0.9975,0.164062,0
1.0925,0.164062,0
1.1875,0.164062,0
1.2825,0.164062,0
1.3775,0.164062,0
1.4725,0.164062,0
1.5675,0.164062,0
1.6625,0.164062,0
1.7575,0.164062,0
1.8525,0.164062,0
1.9475,0.164062,0
2.0425,0.164062,0.795053
2.1375,0.164062,1
2.2325,0.164062,1
2.3275,0.164062,1
2.4225,0.164062,0.204947
2.5175,0.164062,0
2.6125,0.164062,0
2.7075,0.164062,0.0364061
2.8025,0.164062,1
2.8975,0.164062,1
2.9925,0.164062,1
3.0875,0.164062,1
3.1825,0.164062,1
3.2775,0.164062,0.963594
3.3725,0.164062,0
3.4675,0.164062,0
3.5625,0.164062,0
3.6575,0.164062,0
3.7525,0.164062,0.795732
3.8475,0.164062,1
3.9425,0.164062,1
4.0375,0.164062,1
4.1325,0.164062,1
4.2275,0.164062,1
4.3225,0.164062,0.204268
4.4175,0.164062,0
4.5125,0.164062,0
4.6075,0.164062,0.790136
4.7025,0.164062,1
4.7975,0.164062,1
4.8925,0.164062,1
4.9875,0.164062,1
5.0825,0.164062,1
5.1775,0.164062,0.209864
5.2725,0.164062,0.571618
5.3675,0.164062,1
5.4625,0.164062,1
5.5575,0.164062,1
5.6525,0.164062,1
5.7475,0.164062,1
5.8425,0.164062,1
5.9375,0.164062,1
6.0325,0.164062,0.428382
0.0475,0.273438,0.476167
0.1425,0.273438,0.652326
0.2375,0.273438,0.652326
0.3325,0.273438,0.652326
0.4275,0.273438,0.652326
0.5225,0.273438,0.652326
0.6175,0.273438,0.652326
0.7125,0.273438,0.652326
0.8075,0.273438,0.176159
0.9025,0.273438,0
0.9975,0.273438,0
1.0925,0.273438,0.0529257
1.1875,0.273438,0.0623114
1.2825,0.273438,0.0623114
1.3775,0.273438,0.0623114
1.4725,0.273438,0.0623114
1.5675,0.273438,0.0623114
1.6625,0.273438,0.0623114
1.7575,0.273438,0.0623114
1.8525,0.273438,0.00938568
1.9475,0.273438,0
2.0425,0.273438,0.795053
2.1375,0.273438,1
2.2325,0.273438,1
2.3275,0.273438,1
2.4225,0.273438,0.204947
2.5175,0.273438,0
2.6125,0.273438,0
2.7075,0.273438,0.0364061
2.8025,0.273438,1
2.8975,0.273438,1
2.9925,0.273438,1
3.0875,0.273438,1
3.1825,0.273438,1
3.2775,0.273438,0.963594
3.3725,0.273438,0
3.4675,0.273438,0
3.5625,0.273438,0
3.6575,0.273438,0
3.7525,0.273438,0.795732
3.8475,0.273438,1
3.9425,0.273438,1
4.0375,0.273438,1
4.1325,0.273438,1
4.2275,0.273438,1
4.3225,0.273438,0.204268
4.4175,0.273438,0
4.5125,0.273438,0
4.6075,0.273438,0.790136
4.7025,0.273438,1
4.7975,0.273438,1
4.8925,0.273438,1
4.9875,0.273438,1
5.0825,0.273438,1
5.1775,0.273438,0.209864
5.2725,0.273438,0.571618
5.3675,0.273438,1
5.4625,0.273438,1
5.5575,0.273438,1
5.6525,0.273438,1
5.7475,0.273438,1
5.8425,0.273438,1
5.9375,0.273438,1
6.0325,0.273438,0.428382
0.0475,0.382812,0.729952
0.1425,0.382812,1
0.2375,0.382812,1
0.3325,0.382812,1
0.4275,0.382812,1
0.5225,0.382812,1
0.6175,0.382812,1
0.7125,0.382812,1
0.8075,0.382812,0.270048
0.9025,0.382812,0
0.9975,0.382812,0
1.0925,0.382812,0.849374
1.1875,0.382812,1
1.2825,0.382812,1
1.3775,0.382812,1
1.4725,0.382812,1
1.5675,0.382812,1
1.6625,0.382812,1
1.7575,0.382812,1
1.8525,0.382812,0.150626
1.9475,0.382812,0
2.0425,0.382812,0.795053
2.1375,0.382812,1
2.2325,0.382812,1
2.3275,0.382812,1
2.4225,0.382812,0.204947
2.5175,0.382812,0
2.6125,0.382812,0
2.7075,0.382812,0.0364061
2.8025,0.382812,1
2.8975,0.382812,1
2.9925,0.382812,1
3.0875,0.382812,1
3.1825,0.382812,1
3.2775,0.382812,0.963594
3.3725,0.382812,0
3.4675,0.382812,0
3.5625,0.382812,0
3.6575,0.382812,0
3.7525,0.382812,0.795732
3.8475,0.382812,1
3.9425,0.382812,1
4.0375,0.382812,1
4.1325,0.382812,1
4.2275,0.382812,1
4.3225,0.382812,0.204268
4.4175,0.382812,0
4.5125,0.382812,0
4.6075,0.382812,0.790136
4.7025,0.382812,1
4.7975,0.382812,1
4.8925,0.382812,1
4.9875,0.382812,1
5.0825,0.382812,1
5.1775,0.382812,0.209864
5.2725,0.382812,0.571618
5.3675,0.382812,1
5.4625,0.382812,1
5.5575,0.382812,1
5.6525,0.382812,1
5.7475,0.382812,1
5.8425,0.382812,1
5.9375,0.382812,1
6.0325,0.382812,0.428382
0.0475,0.492188,0.729952
0.1425,0.492188,1
0.2375,0.492188,1
0.3325,0.492188,1
0.4275,0.492188,1
0.5225,0.492188,1
0.6175,0.492188,1
0.7125,0.492188,1
0.8075,0.492188,0.270048
0.9025,0.492188,0
0.9975,0.492188,0
1.0925,0.492188,0.849374
1.1875,0.492188,1
1.2825,0.492188,1
1.3775,0.492188,1
1.4725,0.492188,1
1.5675,0.492188,1
1.6625,0.492188,1
1.7575,0.492188,1
1.8525,0.492188,0.150626
1.9475,0.492188,0
2.0425,0.492188,0.795053
2.1375,0.492188,1
2.2325,0.492188,1
2.3275,0.492188,1
2.4225,0.492188,0.204947
2.5175,0.492188,0
2.6125,0.492188,0
2.7075,0.492188,0.0364061
2.8025,0.492188,1
2.8975,0.492188,1
2.9925,0.492188,1
3.0875,0.492188,1
3.1825,0.492188,1
3.2775,0.492188,0.963594
3.3725,0.492188,0
3.4675,0.492188,0
3.5625,0.492188,0
3.6575,0.492188,0
3.7525,0.492188,0.795732
3.8475,0.492188,1
3.9425,0.492188,1
4.0375,0.492188,1
4.1325,0.492188,1
4.2275,0.492188,1
4.3225,0.492188,0.204268
4.4175,0.492188,0
4.5125,0.492188,0
4.6075,0.492188,0.790136
4.7025,0.492188,1
4.7975,0.492188,1
4.8925,0.492188,1
4.9875,0.492188,1
5.0825,0.492188,1
5.1775,0.492188,0.209864
5.2725,0.492188,0.571618
5.3675,0.492188,1
5.4625,0.492188,1
5.5575,0.492188,1
5.6525,0.492188,1
5.7475,0.492188,1
5.8425,0.492188,1
5.9375,0.492188,1
6.0325,0.492188,0.428382
0.0475,0.601562,0.729952
0.1425,0.601562,1
0.2375,0.601562,1
0.3325,0.601562,1
0.4275,0.601562,1
0.5225,0.601562,1
0.6175,0.601562,1
0.7125,0.601562,1
0.8075,0.601562,0.270048
0.9025,0.601562,0
0.9975,0.601562,0
1.0925,0.601562,0.849374
1.1875,0.601562,1
1.2825,0.601562,1
1.3775,0.601562,1
1.4725,0.601562,1
1.5675,0.601562,1
1.6625,0.601562,1
1.7575,0.601562,1
1.8525,0.601562,0.150626
1.9475,0.601562,0
2.0425,0.601562,0.795053
2.1375,0.601562,1
2.2325,0.601562,1
2.3275,0.601562,1
2.4225,0.601562,0.204947
2.5175,0.601562,0
2.6125,0.601562,0
2.7075,0.601562,0.0364061
2.8025,0.601562,1
2.8975,0.601562,1
2.9925,0.601562,1
3.0875,0.601562,1
3.1825,0.601562,1
3.2775,0.601562,0.963594
3.3725,0.601562,0
3.4675,0.601562,0
3.5625,0.601562,0
3.6575,0.601562,0
3.7525,0.601562,0.795732
3.8475,0.601562,1
3.9425,0.601562,1
4.0375,0.601562,1
4.1325,0.601562,1
4.2275,0.601562,1
4.3225,0.601562,0.204268
4.4175,0.601562,0
4.5125,0.601562,0
4.6075,0.601562,0.790136
4.7025,0.601562,1
4.7975,0.601562,1
4.8925,0.601562,1
4.9875,0.601562,1
5.0825,0.601562,1
5.1775,0.601562,0.209864
5.2725,0.601562,0.571618
5.3675,0.601562,1
5.4625,0.601562,1
5.5575,0.601562,1
5.6525,0.601562,1
5.7475,0.601562,1
5.8425,0.601562,1
5.9375,0.601562,1
6.0325,0.601562,0.428382
0.0475,0.710938,0.729952
0.1425,0.710938,1
0.2375,0.710938,1
0.3325,0.710938,1
0.4275,0.710938,1
0.5225,0.710938,1
0.6175,0.710938,1
0.7125,0.710938,1
0.8075,0.710938,0.270048
0.9025,0.710938,0
0.9975,0.710938,0
1.0925,0.710938,0.849374
1.1875,0.710938,1
1.2825,0.710938,1
1.3775,0.710938,1
1.4725,0.710938,1
1.5675,0.710938,1
1.6625,0.710938,1
1.7575,0.710938,1
1.8525,0.710938,0.150626
1.9475,0.710938,0
2.0425,0.710938,0.795053
2.1375,0.710938,1
2.2325,0.710938,1
2.3275,0.710938,1
2.4225,0.710938,0.204947
2.5175,0.710938,0
2.6125,0.710938,0
2.7075,0.710938,0.0364061
2.8025,0.710938,1
2.8975,0.710938,1
2.9925,0.710938,1
3.0875,0.710938,1
3.1825,0.710938,1
3.2775,0.710938,0.963594
3.3725,0.710938,0
3.4675,0.710938,0
3.5625,0.710938,0
3.6575,0.710938,0
3.7525,0.710938,0.795732
3.8475,0.710938,1
3.9425,0.710938,1
4.0375,0.710938,1
4.1325,0.710938,1
4.2275,0.710938,1
4.3225,0.710938,0.204268
4.4175,0.710938,0
4.5125,0.710938,0
4.6075,0.710938,0.790136
4.7025,0.710938,1
4.7975,0.710938,1
4.8925,0.710938,1
4.9875,0.710938,1
5.0825,0.710938,1
5.1775,0.710938,0.209864
5.2725,0.710938,0.571618
5.3675,0.710938,1
5.4625,0.710938,1
5.5575,0.710938,1
5.6525,0.710938,1
5.7475,0.710938,1
5.8425,0.710938,1
5.9375,0.710938,1
6.0325,0.710938,0.428382
0.0475,0.820312,0.729952
0.1425,0.820312,1
0.2375,0.820312,1
0.3325,0.820312,1
0.4275,0.820312,1
0.5225,0.820312,1
0.6175,0.820312,1
0.7125,0.820312,1
0.8075,0.820312,0.270048
0.9025,0.820312,0
0.9975,0.820312,0
1.0925,0.820312,0.849374
1.1875,0.820312,1
1.2825,0.820312,1
1.3775,0.820312,1
1.4725,0.820312,1
1.5675,0.820312,1
1.6625,0.820312,1
1.7575,0.820312,1
1.8525,0.820312,0.150626
1.9475,0.820312,0
2.0425,0.820312,0.795053
2.1375,0.820312,1
2.2325,0.820312,1
2.3275,0.820312,1
2.4225,0.820312,0.204947
2.5175,0.820312,0
2.6125,0.820312,0
2.7075,0.820312,0.0364061
2.8025,0.820312,1
2.8975,0.820312,1
2.9925,0.820312,1
3.0875,0.820312,1
3.1825,0.820312,1
3.2775,0.820312,0.963594
3.3725,0.820312,0
3.4675,0.820312,0
3.5625,0.820312,0
3.6575,0.820312,0
3.7525,0.820312,0.795732
3.8475,0.820312,1
3.9425,0.820312,1
4.0375,0.820312,1
4.1325,0.820312,1
4.2275,0.820312,1
4.3225,0.820312,0.204268
4.4175,0.820312,0
4.5125,0.820312,0
4.6075,0.820312,0.790136
4.7025,0.820312,1
4.7975,0.820312,1
4.8925,0.820312,1
4.9875,0.820312,1
5.0825,0.820312,1
5.1775,0.820312,0.209864
5.2725,0.820312,0.571618
5.3675,0.820312,1
5.4625,0.820312,1
5.5575,0.820312,1
5.6525,0.820312,1
5.7475,0.820312,1
5.8425,0.820312,1
5.9375,0.820312,1
6.0325,0.820312,0.428382
0.0475,0.929688,0.729952
0.1425,0.929688,1
0.2375,0.929688,1
0.3325,0.929688,1
0.4275,0.929688,1
0.5225,0.929688,1
0.6175,0.929688,1
0.7125,0.929688,1
0.8075,0.929688,0.270048
0.9025,0.929688,0
0.9975,0.929688,0
1.0925,0.929688,0.849374
1.1875,0.929688,1
1.2825,0.929688,1
1.3775,0.929688,1
1.4725,0.929688,1
1.5675,0.929688,1
1.6625,0.929688,1
1.7575,0.929688,1
1.8525,0.929688,0.150626
1.9475,0.929688,0
2.0425,0.929688,0.795053
2.1375,0.929688,1
2.2325,0.929688,1
2.3275,0.929688,1
2.4225,0.929688,0.204947
2.5175,0.929688,0
2.6125,0.929688,0
2.7075,0.929688,0.0364061
2.8025,0.929688,1
2.8975,0.929688,1
2.9925,0.929688,1
3.0875,0.929688,1
3.1825,0.929688,1
3.2775,0.929688,0.963594
3.3725,0.929688,0
3.4675,0.929688,0
3.5625,0.929688,0
3.6575,0.929688,0
3.7525,0.929688,0.795732
3.8475,0.929688,1
3.9425,0.929688,1
4.0375,0.929688,1
4.1325,0.929688,1
4.2275,0.929688,1
4.3225,0.929688,0.204268
4.4175,0.929688,0
4.5125,0.929688,0
4.6075,0.929688,0.790136
4.7025,0.929688,1
4.7975,0.929688,1
4.8925,0.929688,1
4.9875,0.929688,1
5.0825,0.929688,1
5.1775,0.929688,0.209864
5.2725,0.929688,0.571618
5.3675,0.929688,1
5.4625,0.929688,1
5.5575,0.929688,1
5.6525,0.929688,1
5.7475,0.929688,1
5.8425,0.929688,1
5.9375,0.929688,1
6.0325,0.929688,0.428382
0.0475,1.03906,0.729952
0.1425,1.03906,1
0.2375,1.03906,1
0.3325,1.03906,1
0.4275,1.03906,1
0.5225,1.03906,1
0.6175,1.03906,1
0.7125,1.03906,1
0.8075,1.03906,0.270048
0.9025,1.03906,0
0.9975,1.03906,0
1.0925,1.03906,0.849374
1.1875,1.03906,1
1.2825,1.03906,1
1.3775,1.03906,1
1.4725,1.03906,1
1.5675,1.03906,1
1.6625,1.03906,1
1.7575,1.03906,1
1.8525,1.03906,0.150626
1.9475,1.03906,0
2.0425,1.03906,0.795053
2.1375,1.03906,1
2.2325,1.03906,1
2.3275,1.03906,1
2.4225,1.03906,0.204947
2.5175,1.03906,0
2.6125,1.03906,0
2.7075,1.03906,0.0364061
2.8025,1.03906,1
2.8975,1.03906,1
2.9925,1.03906,1
3.0875,1.03906,1
3.1825,1.03906,1
3.2775,1.03906,0.963594
3.3725,1.03906,0
3.4675,1.03906,0
3.5625,1.03906,0
3.6575,1.03906,0
3.7525,1.03906,0.795732
3.8475,1.03906,1
3.9425,1.03906,1
4.0375,1.03906,1
4.1325,1.03906,1
4.2275,1.03906,1
4.3225,1.03906,0.204268
4.4175,1.03906,0
4.5125,1.03906,0
4.6075,1.03906,0.790136
4.7025,1.03906,1
4.7975,1.03906,1
4.8925,1.03906,1
4.9875,1.03906,1
5.0825,1.03906,1
5.1775,1.03906,0.209864
5.2725,1.03906,0.571618
5.3675,1.03906,1
5.4625,1.03906,1
5.5575,1.03906,1
5.6525,1.03906,1
5.7475,1.03906,1
5.8425,1.03906,1
5.9375,1.03906,1
6.0325,1.03906,0.428382
0.0475,1.14844,0.729952
0.1425,1.14844,1
0.2375,1.14844,1
0.3325,1.14844,1
0.4275,1.14844,1
0.5225,1.14844,1
0.6175,1.14844,1
0.7125,1.14844,1
0.8075,1.14844,0.270048
0.9025,1.14844,0
0.9975,1.14844,0
1.0925,1.14844,0.849374
1.1875,1.14844,1
1.2825,1.14844,1
1.3775,1.14844,1
1.4725,1.14844,1
1.5675,1.14844,1
1.6625,1.14844,1
1.7575,1.14844,1
1.8525,1.14844,0.150626
1.9475,1.14844,0
2.0425,1.14844,0.795053
2.1375,1.14844,1
2.2325,1.14844,1
2.3275,1.14844,1
2.4225,1.14844,0.204947
2.5175,1.14844,0
2.6125,1.14844,0
2.7075,1.14844,0.0364061
2.8025,1.14844,1
2.8975,1.14844,1
2.9925,1.14844,1
3.0875,1.14844,1
3.1825,1.14844,1
3.2775,1.14844,0.963594
3.3725,1.14844,0
3.4675,1.14844,0
3.5625,1.14844,0
3.6575,1.14844,0
3.7525,1.14844,0.795732
3.8475,1.14844,1
3.9425,1.14844,1
4.0375,1.14844,1
4.1325,1.14844,1
4.2275,1.14844,1
4.3225,1.14844,0.204268
4.4175,1.14844,0
4.5125,1.14844,0
4.6075,1.14844,0.790136
4.7025,1.14844,1
4.7975,1.14844,1
4.8925,1.14844,1
4.9875,1.14844,1
5.0825,1.14844,1
5.1775,1.14844,0.209864
5.2725,1.14844,0.571618
5.3675,1.14844,1
5.4625,1.14844,1
5.5575,1.14844,1
5.6525,1.14844,1
5.7475,1.14844,1
5.8425,1.14844,1
5.9375,1.14844,1
6.0325,1.14844,0.428382
0.0475,1.25781,0.729952
0.1425,1.25781,1
0.2375,1.25781,1
0.3325,1.25781,1
0.4275,1.25781,1
0.5225,1.25781,1
0.6175,1.25781,1
0.7125,1.25781,1
0.8075,1.25781,0.270048
0.9025,1.25781,0
0.9975,1.25781,0
1.0925,1.25781,0.849374
1.1875,1.25781,1
1.2825,1.25781,1
1.3775,1.25781,1
1.4725,1.25781,1
1.5675,1.25781,1
1.6625,1.25781,1
1.7575,1.25781,1
1.8525,1.25781,0.150626
1.9475,1.25781,0
2.0425,1.25781,0.795053
2.1375,1.25781,1
2.2325,1.25781,1
2.3275,1.25781,1
2.4225,1.25781,0.204947
2.5175,1.25781,0
2.6125,1.25781,0
2.7075,1.25781,0.0364061
2.8025,1.25781,1
2.8975,1.25781,1
2.9925,1.25781,1
3.0875,1.25781,1
3.1825,1.25781,1
3.2775,1.25781,0.963594
3.3725,1.25781,0
3.4675,1.25781,0
3.5625,1.25781,0
3.6575,1.25781,0
3.7525,1.25781,0.795732
3.8475,1.25781,1
3.9425,1.25781,1
4.0375,1.25781,1
4.1325,1.25781,1
4.2275,1.25781,1
4.3225,1.25781,0.204268
4.4175,1.25781,0
4.5125,1.25781,0
4.6075,1.25781,0.790136
4.7025,1.25781,1
4.7975,1.25781,1
4.8925,1.25781,1
4.9875,1.25781,1
5.0825,1.25781,1
5.1775,1.25781,0.209864
5.2725,1.25781,0.571618
5.3675,1.25781,1
5.4625,1.25781,1
5.5575,1.25781,1
5.6525,1.25781,1
5.7475,1.25781,1
5.8425,1.25781,1
5.9375,1.25781,1
6.0325,1.25781,0.428382
0.0475,1.36719,0.729952
0.1425,1.36719,1
0.2375,1.36719,1
0.3325,1.36719,1
0.4275,1.36719,1
0.5225,1.36719,1
0.6175,1.36719,1
0.7125,1.36719,1
0.8075,1.36719,0.270048
0.9025,1.36719,0
0.9975,1.36719,0
1.0925,1.36719,0.849374
1.1875,1.36719,1
1.2825,1.36719,1
1.3775,1.36719,1
1.4725,1.36719,1
1.5675,1.36719,1
1.6625,1.36719,1
1.7575,1.36719,1
1.8525,1.36719,0.150626
1.9475,1.36719,0
2.0425,1.36719,0.636042
2.1375,1.36719,0.8
2.2325,1.36719,0.8
2.3275,1.36719,0.8
2.4225,1.36719,0.163958
2.5175,1.36719,0
2.6125,1.36719,0
2.7075,1.36719,0.0291249
2.8025,1.36719,0.8
2.8975,1.36719,0.8
2.9925,1.36719,0.8
3.0875,1.36719,0.8
3.1825,1.36719,0.8
3.2775,1.36719,0.770875
3.3725,1.36719,0
3.4675,1.36719,0
3.5625,1.36719,0
3.6575,1.36719,0
3.7525,1.36719,0.636586
3.8475,1.36719,0.8
3.9425,1.36719,0.8
4.0375,1.36719,0.8
4.1325,1.36719,0.8
4.2275,1.36719,0.8
4.3225,1.36719,0.163414
4.4175,1.36719,0
4.5125,1.36719,0
4.6075,1.36719,0.632109
4.7025,1.36719,0.8
4.7975,1.36719,0.8
4.8925,1.36719,0.8
4.9875,1.36719,0.8
5.0825,1.36719,0.8
5.1775,1.36719,0.167891
5.2725,1.36719,0.457294
5.3675,1.36719,0.8
5.4625,1.36719,0.8
5.5575,1.36719,0.8
5.6525,1.36719,0.8
5.7475,1.36719,0.8
5.8425,1.36719,0.8
5.9375,1.36719,0.8
6.0325,1.36719,0.342706
0.0475,1.47656,0.729952
0.1425,1.47656,1
0.2375,1.47656,1
0.3325,1.47656,1
0.4275,1.47656,1
0.5225,1.47656,1
0.6175,1.47656,1
0.7125,1.47656,1
0.8075,1.47656,0.270048
0.9025,1.47656,0
0.9975,1.47656,0
1.0925,1.47656,0.849374
1.1875,1.47656,1
1.2825,1.47656,1
1.3775,1.47656,1
1.4725,1.47656,1
1.5675,1.47656,1
1.6625,1.47656,1
1.7575,1.47656,1
1.8525,1.47656,0.150626
1.9475,1.47656,0
2.0425,1.47656,0
2.1375,1.47656,0
2.2325,1.47656,0.0904381
2.3275,1.47656,0.856387
2.4225,1.47656,0.856387
2.5175,1.47656,0.856387
2.6125,1.47656,0.856387
2.7075,1.47656,0.856387
2.8025,1.47656,0.856387
2.8975,1.47656,0.856387
2.9925,1.47656,0.856387
3.0875,1.47656,0.856387
3.1825,1.47656,0.856387
3.2775,1.47656,0.856387
3.3725,1.47656,0.856387
3.4675,1.47656,0.856387
3.5625,1.47656,0.856387
3.6575,1.47656,0.856387
3.7525,1.47656,0.856387
3.8475,1.47656,0.856387
3.9425,1.47656,0.856387
4.0375,1.47656,0.856387
4.1325,1.47656,0.856387
4.2275,1.47656,0.856387
4.3225,1.47656,0.856387
4.4175,1.47656,0.856387
4.5125,1.47656,0.856387
4.6075,1.47656,0.856387
4.7025,1.47656,0.856387
4.7975,1.47656,0.856387
4.8925,1.47656,0.856387
4.9875,1.47656,0.856387
5.0825,1.47656,0.856387
5.1775,1.47656,0.856387
5.2725,1.47656,0.856387
5.3675,1.47656,0.856387
5.4625,1.47656,0.765949
5.5575,1.47656,0
5.6525,1.47656,0
5.7475,1.47656,0
5.8425,1.47656,0
5.9375,1.47656,0
6.0325,1.47656,0
0.0475,1.58594,0.729952
0.1425,1.58594,1
0.2375,1.58594,1
0.3325,1.58594,1
0.4275,1.58594,1
0.5225,1.58594,1
0.6175,1.58594,1
0.7125,1.58594,1.19449
0.8075,1.58594,1.2197
0.9025,1.58594,0.949652
0.9975,1.58594,0.949652
1.0925,1.58594,1.60454
1.1875,1.58594,1
1.2825,1.58594,1
1.3775,1.58594,1
1.4725,1.58594,1
1.5675,1.58594,1
1.6625,1.58594,1
1.7575,1.58594,1
1.8525,1.58594,0.150626
1.9475,1.58594,0
2.0425,1.58594,0
2.1375,1.58594,0
2.2325,1.58594,0.105604
2.3275,1.58594,1
2.4225,1.58594,1
2.5175,1.58594,1
2.6125,1.58594,1
2.7075,1.58594,1
2.8025,1.58594,1
2.8975,1.58594,1
2.9925,1.58594,1
3.0875,1.58594,1
3.1825,1.58594,1
3.2775,1.58594,1
3.3725,1.58594,1
3.4675,1.58594,1
3.5625,1.58594,1
3.6575,1.58594,1
3.7525,1.58594,1
3.8475,1.58594,1
3.9425,1.58594,1
4.0375,1.58594,1
4.1325,1.58594,1
4.2275,1.58594,1
4.3225,1.58594,1
4.4175,1.58594,1
4.5125,1.58594,1
4.6075,1.58594,1
4.7025,1.58594,1
4.7975,1.58594,1
4.8925,1.58594,1
4.9875,1.58594,1
5.0825,1.58594,1
5.1775,1.58594,1
5.2725,1.58594,1
5.3675,1.58594,1
5.4625,1.58594,0.894396
5.5575,1.58594,0
5.6525,1.58594,0
5.7475,1.58594,0.856103
5.8425,1.58594,0.856103
5.9375,1.58594,0.856103
6.0325,1.58594,0.856103
0.0475,1.69531,0.107795
0.1425,1.69531,0.147674
0.2375,1.69531,0.147674
0.3325,1.69531,0.147674
0.4275,1.69531,0.147674
0.5225,1.69531,0.147674
0.6175,1.69531,0.147674
0.7125,1.69531,0.352475
0.8075,1.69531,1.03988
0.9025,1.69531,1
0.9975,1.69531,1
1.0925,1.69531,1.42177
1.1875,1.69531,0.737689
1.2825,1.69531,0.737689
1.3775,1.69531,0.737689
1.4725,1.69531,0.737689
1.5675,1.69531,0.737689
1.6625,1.69531,0.737689
1.7575,1.69531,0.737689
1.8525,1.69531,0.111115
1.9475,1.69531,0
2.0425,1.69531,0
2.1375,1.69531,0
2.2325,1.69531,0.105604
2.3275,1.69531,1
2.4225,1.69531,1
2.5175,1.69531,1
2.6125,1.69531,1
2.7075,1.69531,1
2.8025,1.69531,1
2.8975,1.69531,1
2.9925,1.69531,1
3.0875,1.69531,1
3.1825,1.69531,1
3.2775,1.69531,1
3.3725,1.69531,1
3.4675,1.69531,1
3.5625,1.69531,1
3.6575,1.69531,1
3.7525,1.69531,1
3.8475,1.69531,1
3.9425,1.69531,1
4.0375,1.69531,1
4.1325,1.69531,1
4.2275,1.69531,1
4.3225,1.69531,1
4.4175,1.69531,1
4.5125,1.69531,1
4.6075,1.69531,1
4.7025,1.69531,1
4.7975,1.69531,1
4.8925,1.69531,1
4.9875,1.69531,1
5.0825,1.69531,1
5.1775,1.69531,1
5.2725,1.69531,1
5.3675,1.69531,1
5.4625,1.69531,0.894396
5.5575,1.69531,0
5.6525,1.69531,0
5.7475,1.69531,1
5.8425,1.69531,1
5.9375,1.69531,1
6.0325,1.69531,1
0.0475,1.80469,0
0.1425,1.80469,0
0.2375,1.80469,0
0.3325,1.80469,0
0.4275,1.80469,0
0.5225,1.80469,0
0.6175,1.80469,0
0.7125,1.80469,0.204801
0.8075,1.80469,1
0.9025,1.80469,1
0.9975,1.80469,1
1.0925,1.80469,0.795199
1.1875,1.80469,0
1.2825,1.80469,0
1.3775,1.80469,0
1.4725,1.80469,0
1.5675,1.80469,0
1.6625,1.80469,0
1.7575,1.80469,0
1.8525,1.80469,0
1.9475,1.80469,0
2.0425,1.80469,0
2.1375,1.80469,0
2.2325,1.80469,0.105604
2.3275,1.80469,1
2.4225,1.80469,1
2.5175,1.80469,1
2.6125,1.80469,1
2.7075,1.80469,1
2.8025,1.80469,1
2.8975,1.80469,1
2.9925,1.80469,1
3.0875,1.80469,1
3.1825,1.80469,1
3.2775,1.80469,1
3.3725,1.80469,1
3.4675,1.80469,1
3.5625,1.80469,1
3.6575,1.80469,1
3.7525,1.80469,1
3.8475,1.80469,1
3.9425,1.80469,1
4.0375,1.80469,1
4.1325,1.80469,1
4.2275,1.80469,1
4.3225,1.80469,1
4.4175,1.80469,1
4.5125,1.80469,1
4.6075,1.80469,1
4.7025,1.80469,1
4.7975,1.80469,1
4.8925,1.80469,1
4.9875,1.80469,1
5.0825,1.80469,1
5.1775,1.80469,1
5.2725,1.80469,1
5.3675,1.80469,1
5.4625,1.80469,0.894396
5.5575,1.80469,0
5.6525,1.80469,0
5.7475,1.80469,1
5.8425,1.80469,1
5.9375,1.80469,1
6.0325,1.80469,1
0.0475,1.91406,0
0.1425,1.91406,0
0.2375,1.91406,0
0.3325,1.91406,0
0.4275,1.91406,0
0.5225,1.91406,0
0.6175,1.91406,0
0.7125,1.91406,0.204801
0.8075,1.91406,1
0.9025,1.91406,1
0.9975,1.91406,1
1.0925,1.91406,0.795199
1.1875,1.91406,0
1.2825,1.91406,0
1.3775,1.91406,0
1.4725,1.91406,0
1.5675,1.91406,0
1.6625,1.91406,0
1.7575,1.91406,0
1.8525,1.91406,0
1.9475,1.91406,0
2.0425,1.91406,0
2.1375,1.91406,0
2.2325,1.91406,0.105604
2.3275,1.91406,1
2.4225,1.91406,1
2.5175,1.91406,1
2.6125,1.91406,1
2.7075,1.91406,1
2.8025,1.91406,1
2.8975,1.91406,1
2.9925,1.91406,1
3.0875,1.91406,1
3.1825,1.91406,1
3.2775,1.91406,1
3.3725,1.91406,1
3.4675,1.91406,1
3.5625,1.91406,1
3.6575,1.91406,1
3.7525,1.91406,1
3.8475,1.91406,1
3.9425,1.91406,1
4.0375,1.91406,1
4.1325,1.91406,1
4.2275,1.91406,1
4.3225,1.91406,1
4.4175,1.91406,1
4.5125,1.91406,1
4.6075,1.91406,1
4.7025,1.91406,1
4.7975,1.91406,1
4.8925,1.91406,1
4.9875,1.91406,1
5.0825,1.91406,1
5.1775,1.91406,1
5.2725,1.91406,1
5.3675,1.91406,1
5.4625,1.91406,0.894396
5.5575,1.91406,0
5.6525,1.91406,0
5.7475,1.91406,1
5.8425,1.91406,1
5.9375,1.91406,1
6.0325,1.91406,1
0.0475,2.02344,0
0.1425,2.02344,0
0.2375,2.02344,0
0.3325,2.02344,0
0.4275,2.02344,0
0.5225,2.02344,0
0.6175,2.02344,0
0.7125,2.02344,0.204801
0.8075,2.02344,1
0.9025,2.02344,1
0.9975,2.02344,1
1.0925,2.02344,0.795199
1.1875,2.02344,0
1.2825,2.02344,0
1.3775,2.02344,0
1.4725,2.02344,0
1.5675,2.02344,0
1.6625,2.02344,0
1.7575,2.02344,0
1.8525,2.02344,0
1.9475,2.02344,0
2.0425,2.02344,0
2.1375,2.02344,0
2.2325,2.02344,0.105604
2.3275,2.02344,1
2.4225,2.02344,1
2.5175,2.02344,1
2.6125,2.02344,1
2.7075,2.02344,1
2.8025,2.02344,1
2.8975,2.02344,1
2.9925,2.02344,1
3.0875,2.02344,1
3.1825,2.02344,1
3.2775,2.02344,1
3.3725,2.02344,1
3.4675,2.02344,1
3.5625,2.02344,1
3.6575,2.02344,1
3.7525,2.02344,1
3.8475,2.02344,1
3.9425,2.02344,1
4.0375,2.02344,1
4.1325,2.02344,1
4.2275,2.02344,1
4.3225,2.02344,1
4.4175,2.02344,1
4.5125,2.02344,1
4.6075,2.02344,1
4.7025,2.02344,1
4.7975,2.02344,1
4.8925,2.02344,1
4.9875,2.02344,1
5.0825,2.02344,1
5.1775,2.02344,1
5.2725,2.02344,1
5.3675,2.02344,1
5.4625,2.02344,0.894396
5.5575,2.02344,0
5.6525,2.02344,0
5.7475,2.02344,1
5.8425,2.02344,1
5.9375,2.02344,1
6.0325,2.02344,1
0.0475,2.13281,0
0.1425,2.13281,0
0.2375,2.13281,0
0.3325,2.13281,0
0.4275,2.13281,0
0.5225,2.13281,0
0.6175,2.13281,0
0.7125,2.13281,0.204801
0.8075,2.13281,1
0.9025,2.13281,1
0.9975,2.13281,1
1.0925,2.13281,0.795199
1.1875,2.13281,0
1.2825,2.13281,0
1.3775,2.13281,0
1.4725,2.13281,0
1.5675,2.13281,0
1.6625,2.13281,0
1.7575,2.13281,0
1.8525,2.13281,0
1.9475,2.13281,0
2.0425,2.13281,0
2.1375,2.13281,0
2.2325,2.13281,0.105604
2.3275,2.13281,1
2.4225,2.13281,1
2.5175,2.13281,1
2.6125,2.13281,1
2.7075,2.13281,1
2.8025,2.13281,1
2.8975,2.13281,1
2.9925,2.13281,1
3.0875,2.13281,1
3.1825,2.13281,1
3.2775,2.13281,1
3.3725,2.13281,1
3.4675,2.13281,1
3.5625,2.13281,1
3.6575,2.13281,1
3.7525,2.13281,1
3.8475,2.13281,1
3.9425,2.13281,1
4.0375,2.13281,1
4.1325,2.13281,1
4.2275,2.13281,1
4.3225,2.13281,1
4.4175,2.13281,1
4.5125,2.13281,1
4.6075,2.13281,1
4.7025,2.13281,1
4.7975,2.13281,1
4.8925,2.13281,1
4.9875,2.13281,1
5.0825,2.13281,1
5.1775,2.13281,1
5.2725,2.13281,1
5.3675,2.13281,1
5.4625,2.13281,0.894396
5.5575,2.13281,0
5.6525,2.13281,0
5.7475,2.13281,1
5.8425,2.13281,1
5.9375,2.13281,1
6.0325,2.13281,1
0.0475,2.24219,0
0.1425,2.24219,0
0.2375,2.24219,0
0.3325,2.24219,0
0.4275,2.24219,0
0.5225,2.24219,0
0.6175,2.24219,0
0.7125,2.24219,0.204801
0.8075,2.24219,1
0.9025,2.24219,1
0.9975,2.24219,1
1.0925,2.24219,0.795199
1.1875,2.24219,0
1.2825,2.24219,0
1.3775,2.24219,0
1.4725,2.24219,0
1.5675,2.24219,0
1.6625,2.24219,0
1.7575,2.24219,0
1.8525,2.24219,0
1.9475,2.24219,0
2.0425,2.24219,0
2.1375,2.24219,0
2.2325,2.24219,0.105604
2.3275,2.24219,1
2.4225,2.24219,1
2.5175,2.24219,1
2.6125,2.24219,1
2.7075,2.24219,1
2.8025,2.24219,1
2.8975,2.24219,1
2.9925,2.24219,1
3.0875,2.24219,1
3.1825,2.24219,1
3.2775,2.24219,1
3.3725,2.24219,1
3.4675,2.24219,1
3.5625,2.24219,1
3.6575,2.24219,1
3.7525,2.24219,1
3.8475,2.24219,1
3.9425,2.24219,1
4.0375,2.24219,1
4.1325,2.24219,1
4.2275,2.24219,1
4.3225,2.24219,1
4.4175,2.24219,1
4.5125,2.24219,1
4.6075,2.24219,1
4.7025,2.24219,1
4.7975,2.24219,1
4.8925,2.24219,1
4.9875,2.24219,1
5.0825,2.24219,1
5.1775,2.24219,1
5.2725,2.24219,1
5.3675,2.24219,1
5.4625,2.24219,0.894396
5.5575,2.24219,0
5.6525,2.24219,0
5.7475,2.24219,1
5.8425,2.24219,1
5.9375,2.24219,1
6.0325,2.24219,1
0.0475,2.35156,0
0.1425,2.35156,0
0.2375,2.35156,0
0.3325,2.35156,0
0.4275,2.35156,0
0.5225,2.35156,0
0.6175,2.35156,0
0.7125,2.35156,0.204801
0.8075,2.35156,1
0.9025,2.35156,1
0.9975,2.35156,1
1.0925,2.35156,0.795199
1.1875,2.35156,0
1.2825,2.35156,0
1.3775,2.35156,0
1.4725,2.35156,0
1.5675,2.35156,0
1.6625,2.35156,0
1.7575,2.35156,0
1.8525,2.35156,0
1.9475,2.35156,0
2.0425,2.35156,0
2.1375,2.35156,0
2.2325,2.35156,0.105604
2.3275,2.35156,1
2.4225,2.35156,1
2.5175,2.35156,1
2.6125,2.35156,1
2.7075,2.35156,1
2.8025,2.35156,1
2.8975,2.35156,1
2.9925,2.35156,1
3.0875,2.35156,1
3.1825,2.35156,1
3.2775,2.35156,1
3.3725,2.35156,1
3.4675,2.35156,1
3.5625,2.35156,1
3.6575,2.35156,1
3.7525,2.35156,1
3.8475,2.35156,1
3.9425,2.35156,1
4.0375,2.35156,1
4.1325,2.35156,1
4.2275,2.35156,1
4.3225,2.35156,1
4.4175,2.35156,1
4.5125,2.35156,1
4.6075,2.35156,1
4.7025,2.35156,1
4.7975,2.35156,1
4.8925,2.35156,1
4.9875,2.35156,1
5.0825,2.35156,1
5.1775,2.35156,1
5.2725,2.35156,1
5.3675,2.35156,1
5.4625,2.35156,0.894396
5.5575,2.35156,0
5.6525,2.35156,0
5.7475,2.35156,1
5.8425,2.35156,1
5.9375,2.35156,1
6.0325,2.35156,1
0.0475,2.46094,0
0.1425,2.46094,0
0.2375,2.46094,0
0.3325,2.46094,0
0.4275,2.46094,0
0.5225,2.46094,0
0.6175,2.46094,0
0.7125,2.46094,0.204801
0.8075,2.46094,1
0.9025,2.46094,1
0.9975,2.46094,1
1.0925,2.46094,0.795199
1.1875,2.46094,0
1.2825,2.46094,0
1.3775,2.46094,0
1.4725,2.46094,0
1.5675,2.46094,0
1.6625,2.46094,0
1.7575,2.46094,0
1.8525,2.46094,0
1.9475,2.46094,0
2.0425,2.46094,0
2.1375,2.46094,0
2.2325,2.46094,0.105604
2.3275,2.46094,1
2.4225,2.46094,1
2.5175,2.46094,1
2.6125,2.46094,1
2.7075,2.46094,1
2.8025,2.46094,1
2.8975,2.46094,1
2.9925,2.46094,1
3.0875,2.46094,1
3.1825,2.46094,1
3.2775,2.46094,1
3.3725,2.46094,1
3.4675,2.46094,1
3.5625,2.46094,1
3.6575,2.46094,1
3.7525,2.46094,1
3.8475,2.46094,1
3.9425,2.46094,1
4.0375,2.46094,1
4.1325,2.46094,1
4.2275,2.46094,1
4.3225,2.46094,1
4.4175,2.46094,1
4.5125,2.46094,1
4.6075,2.46094,1
4.7025,2.46094,1
4.7975,2.46094,1
4.8925,2.46094,1
4.9875,2.46094,1
5.0825,2.46094,1
5.1775,2.46094,1
5.2725,2.46094,1
5.3675,2.46094,1
5.4625,2.46094,0.894396
5.5575,2.46094,0
5.6525,2.46094,0
5.7475,2.46094,1
5.8425,2.46094,1
5.9375,2.46094,1
6.0325,2.46094,1
0.0475,2.57031,0
0.1425,2.57031,0
0.2375,2.57031,0
0.3325,2.57031,0
0.4275,2.57031,0
0.5225,2.57031,0
0.6175,2.57031,0
0.7125,2.57031,0.204801
0.8075,2.57031,1
0.9025,2.57031,1
0.9975,2.57031,1
1.0925,2.57031,0.795199
1.1875,2.57031,0
1.2825,2.57031,0
1.3775,2.57031,0
1.4725,2.57031,0
1.5675,2.57031,0
1.6625,2.57031,0
1.7575,2.57031,0
1.8525,2.57031,0
1.9475,2.57031,0
2.0425,2.57031,0
2.1375,2.57031,0
2.2325,2.57031,0.105604
2.3275,2.57031,1
2.4225,2.57031,1
2.5175,2.57031,1
2.6125,2.57031,1
2.7075,2.57031,1
2.8025,2.57031,1
2.8975,2.57031,1
2.9925,2.57031,1
3.0875,2.57031,1
3.1825,2.57031,1
3.2775,2.57031,1
3.3725,2.57031,1
3.4675,2.57031,1
3.5625,2.57031,1
3.6575,2.57031,1
3.7525,2.57031,1
3.8475,2.57031,1
3.9425,2.57031,1
4.0375,2.57031,1
4.1325,2.57031,1
4.2275,2.57031,1
4.3225,2.57031,1
4.4175,2.57031,1
4.5125,2.57031,1
4.6075,2.57031,1
4.7025,2.57031,1
4.7975,2.57031,1
4.8925,2.57031,1
4.9875,2.57031,1
5.0825,2.57031,1
5.1775,2.57031,1
5.2725,2.57031,1
5.3675,2.57031,1
5.4625,2.57031,0.894396
5.5575,2.57031,0
5.6525,2.57031,0
5.7475,2.57031,1
5.8425,2.57031,1
5.9375,2.57031,1
6.0325,2.57031,1
0.0475,2.67969,0
0.1425,2.67969,0
0.2375,2.67969,0
0.3325,2.67969,0
0.4275,2.67969,0
0.5225,2.67969,0
0.6175,2.67969,0
0.7125,2.67969,0.204801
0.8075,2.67969,1
0.9025,2.67969,1
0.9975,2.67969,1
1.0925,2.67969,0.795199
1.1875,2.67969,0
1.2825,2.67969,0
1.3775,2.67969,0
1.4725,2.67969,0
1.5675,2.67969,0
1.6625,2.67969,0
1.7575,2.67969,0
1.8525,2.67969,0
1.9475,2.67969,0
2.0425,2.67969,0
2.1375,2.67969,0
2.2325,2.67969,0.105604
2.3275,2.67969,1
2.4225,2.67969,1
2.5175,2.67969,1
2.6125,2.67969,1
2.7075,2.67969,1
2.8025,2.67969,1
2.8975,2.67969,1
2.9925,2.67969,1
3.0875,2.67969,1
3.1825,2.67969,1
3.2775,2.67969,1
3.3725,2.67969,1
3.4675,2.67969,1
3.5625,2.67969,1
3.6575,2.67969,1
3.7525,2.67969,1
3.8475,2.67969,1
3.9425,2.67969,1
4.0375,2.67969,1
4.1325,2.67969,1
4.2275,2.67969,1
4.3225,2.67969,1
4.4175,2.67969,1
4.5125,2.67969,1
4.6075,2.67969,1
4.7025,2.67969,1
4.7975,2.67969,1
4.8925,2.67969,1
4.9875,2.67969,1
5.0825,2.67969,1
5.1775,2.67969,1
5.2725,2.67969,1
5.3675,2.67969,1
5.4625,2.67969,0.894396
5.5575,2.67969,0
5.6525,2.67969,0
5.7475,2.67969,1
5.8425,2.67969,1
5.9375,2.67969,1
6.0325,2.67969,1
0.0475,2.78906,0
0.1425,2.78906,0
0.2375,2.78906,0
0.3325,2.78906,0
0.4275,2.78906,0
0.5225,2.78906,0
0.6175,2.78906,0
0.7125,2.78906,0.204801
0.8075,2.78906,1
0.9025,2.78906,1
0.9975,2.78906,1
1.0925,2.78906,0.795199
1.1875,2.78906,0
1.2825,2.78906,0
1.3775,2.78906,0
1.4725,2.78906,0
1.5675,2.78906,0
1.6625,2.78906,0
1.7575,2.78906,0
1.8525,2.78906,0
1.9475,2.78906,0
2.0425,2.78906,0
2.1375,2.78906,0
2.2325,2.78906,0.0996494
2.3275,2.78906,0.943613
2.4225,2.78906,0.943613
2.5175,2.78906,0.943613
2.6125,2.78906,0.943613
2.7075,2.78906,0.943613
2.8025,2.78906,0.943613
2.8975,2.78906,0.943613
2.9925,2.78906,0.943613
3.0875,2.78906,0.943613
3.1825,2.78906,0.943613
3.2775,2.78906,0.943613
3.3725,2.78906,0.943613
3.4675,2.78906,0.943613
3.5625,2.78906,0.943613
3.6575,2.78906,0.943613
3.7525,2.78906,0.943613
3.8475,2.78906,0.943613
3.9425,2.78906,0.943613
4.0375,2.78906,0.943613
4.1325,2.78906,0.943613
4.2275,2.78906,0.943613
4.3225,2.78906,0.943613
4.4175,2.78906,0.943613
4.5125,2.78906,0.943613
4.6075,2.78906,0.943613
4.7025,2.78906,0.943613
4.7975,2.78906,0.943613
4.8925,2.78906,0.943613
4.9875,2.78906,0.943613
5.0825,2.78906,0.943613
5.1775,2.78906,0.943613
5.2725,2.78906,0.943613
5.3675,2.78906,0.943613
5.4625,2.78906,0.843963
5.5575,2.78906,0
5.6525,2.78906,0
5.7475,2.78906,1
5.8425,2.78906,1
5.9375,2.78906,1
6.0325,2.78906,1
0.0475,2.89844,0.0437949
0.1425,2.89844,0.147293
0.2375,2.89844,0.147293
0.3325,2.89844,0.147293
0.4275,2.89844,0.147293
0.5225,2.89844,0.147293
0.6175,2.89844,0.147293
0.7125,2.89844,0.321445
0.8075,2.89844,0.997641
0.9025,2.89844,0.997641
0.9975,2.89844,0.997641
1.0925,2.89844,0.823488
1.1875,2.89844,0.147293
1.2825,2.89844,0.147293
1.3775,2.89844,0.147293
1.4725,2.89844,0.147293
1.5675,2.89844,0.147293
1.6625,2.89844,0.147293
1.7575,2.89844,0.147293
1.8525,2.89844,0.147293
1.9475,2.89844,0.147293
2.0425,2.89844,0.147293
2.1375,2.89844,0.147293
2.2325,2.89844,0.147293
2.3275,2.89844,0.147293
2.4225,2.89844,0.147293
2.5175,2.89844,0.147293
2.6125,2.89844,0.147293
2.7075,2.89844,0.147293
2.8025,2.89844,0.147293
2.8975,2.89844,0.147293
2.9925,2.89844,0.147293
3.0875,2.89844,0.147293
3.1825,2.89844,0.147293
3.2775,2.89844,0.103498
3.3725,2.89844,0
3.4675,2.89844,0
3.5625,2.89844,0
3.6575,2.89844,0
3.7525,2.89844,0
3.8475,2.89844,0
3.9425,2.89844,0
4.0375,2.89844,0
4.1325,2.89844,0
4.2275,2.89844,0
4.3225,2.89844,0
4.4175,2.89844,0
4.5125,2.89844,0
4.6075,2.89844,0
4.7025,2.89844,0
4.7975,2.89844,0
4.8925,2.89844,0
4.9875,2.89844,0
5.0825,2.89844,0
5.1775,2.89844,0
5.2725,2.89844,0
5.3675,2.89844,0
5.4625,2.89844,0
5.5575,2.89844,0
5.6525,2.89844,0
5.7475,2.89844,0.943897
5.8425,2.89844,0.943897
5.9375,2.89844,0.943897
6.0325,2.89844,0.943897
0.0475,3.00781,0.297333
0.1425,3.00781,1
0.2375,3.00781,1
0.3325,3.00781,1
0.4275,3.00781,1
0.5225,3.00781,1
0.6175,3.00781,1
0.7125,3.00781,1
0.8075,3.00781,1
0.9025,3.00781,1
0.9975,3.00781,1
1.0925,3.00781,1
1.1875,3.00781,1
1.2825,3.00781,1
1.3775,3.00781,1
1.4725,3.00781,1
1.5675,3.00781,1
1.6625,3.00781,1
1.7575,3.00781,1
1.8525,3.00781,1
1.9475,3.00781,1
2.0425,3.00781,1
2.1375,3.00781,1
2.2325,3.00781,1
2.3275,3.00781,1
2.4225,3.00781,1
2.5175,3.00781,1
2.6125,3.00781,1
2.7075,3.00781,1
2.8025,3.00781,1
2.8975,3.00781,1
2.9925,3.00781,1
3.0875,3.00781,1
3.1825,3.00781,1
3.2775,3.00781,0.702667
3.3725,3.00781,0
3.4675,3.00781,0
3.5625,3.00781,0
3.6575,3.00781,0
3.7525,3.00781,0
3.8475,3.00781,0
3.9425,3.00781,0
4.0375,3.00781,0
4.1325,3.00781,0
4.2275,3.00781,0
4.3225,3.00781,0
4.4175,3.00781,0
4.5125,3.00781,0
4.6075,3.00781,0
4.7025,3.00781,0
4.7975,3.00781,0
4.8925,3.00781,0
4.9875,3.00781,0
5.0825,3.00781,0
5.1775,3.00781,0
5.2725,3.00781,0
5.3675,3.00781,0
5.4625,3.00781,0
5.5575,3.00781,0
5.6525,3.00781,0
5.7475,3.00781,0
5.8425,3.00781,0
5.9375,3.00781,0
6.0325,3.00781,0
0.0475,3.11719,0.297333
0.1425,3.11719,1
0.2375,3.11719,1
0.3325,3.11719,1
0.4275,3.11719,1
0.5225,3.11719,1
0.6175,3.11719,1
0.7125,3.11719,1
0.8075,3.11719,1
0.9025,3.11719,1
0.9975,3.11719,1
1.0925,3.11719,1
1.1875,3.11719,1
1.2825,3.11719,1
1.3775,3.11719,1
1.4725,3.11719,1
1.5675,3.11719,1
1.6625,3.11719,1
1.7575,3.11719,1
1.8525,3.11719,1
1.9475,3.11719,1
2.0425,3.11719,1
2.1375,3.11719,1
2.2325,3.11719,1
2.3275,3.11719,1
2.4225,3.11719,1
2.5175,3.11719,1
2.6125,3.11719,1
2.7075,3.11719,1
2.8025,3.11719,1
2.8975,3.11719,1
2.9925,3.11719,1
3.0875,3.11719,1
3.1825,3.11719,1
3.2775,3.11719,0.702667
3.3725,3.11719,0
3.4675,3.11719,0
3.5625,3.11719,0
3.6575,3.11719,0
3.7525,3.11719,0
3.8475,3.11719,0
3.9425,3.11719,0
4.0375,3.11719,0
4.1325,3.11719,0
4.2275,3.11719,0
4.3225,3.11719,0
4.4175,3.11719,0
4.5125,3.11719,0
4.6075,3.11719,0
4.7025,3.11719,0.189096
4.7975,3.11719,0.275302
4.8925,3.11719,0.275302
4.9875,3.11719,0.275302
5.0825,3.11719,0.275302
5.1775,3.11719,0.275302
5.2725,3.11719,0.0862062
5.3675,3.11719,0
5.4625,3.11719,0
5.5575,3.11719,0
5.6525,3.11719,0
5.7475,3.11719,0
5.8425,3.11719,0
5.9375,3.11719,0
6.0325,3.11719,0
0.0475,3.22656,0.297333
0.1425,3.22656,1
0.2375,3.22656,1
0.3325,3.22656,1
0.4275,3.22656,1
0.5225,3.22656,1
0.6175,3.22656,1
0.7125,3.22656,1
0.8075,3.22656,1
0.9025,3.22656,1
0.9975,3.22656,1
1.0925,3.22656,1
1.1875,3.22656,1
1.2825,3.22656,1
1.3775,3.22656,1
1.4725,3.22656,1
1.5675,3.22656,1
1.6625,3.22656,1
1.7575,3.22656,1
1.8525,3.22656,1
1.9475,3.22656,1
2.0425,3.22656,1
2.1375,3.22656,1
2.2325,3.22656,1
2.3275,3.22656,1
2.4225,3.22656,1
2.5175,3.22656,1
2.6125,3.22656,1
2.7075,3.22656,1
2.8025,3.22656,1
2.8975,3.22656,1
2.9925,3.22656,1
3.0875,3.22656,1
3.1825,3.22656,1
3.2775,3.22656,0.702667
3.3725,3.22656,0
3.4675,3.22656,0
3.5625,3.22656,0
3.6575,3.22656,0
3.7525,3.22656,0
3.8475,3.22656,0
3.9425,3.22656,0
4.0375,3.22656,0
4.1325,3.22656,0
4.2275,3.22656,0
4.3225,3.22656,0
4.4175,3.22656,0
4.5125,3.22656,0
4.6075,3.22656,0
4.7025,3.22656,0.686867
4.7975,3.22656,1
4.8925,3.22656,1
4.9875,3.22656,1
5.0825,3.22656,1
5.1775,3.22656,1
5.2725,3.22656,0.313133
5.3675,3.22656,0
5.4625,3.22656,0
5.5575,3.22656,0
5.6525,3.22656,0
5.7475,3.22656,0
5.8425,3.22656,0
5.9375,3.22656,0
6.0325,3.22656,0
0.0475,3.33594,0.297333
0.1425,3.33594,1
0.2375,3.33594,1
0.3325,3.33594,1
0.4275,3.33594,1
0.5225,3.33594,1
0.6175,3.33594,1
0.7125,3.33594,1
0.8075,3.33594,1
0.9025,3.33594,1
0.9975,3.33594,1
1.0925,3.33594,1
1.1875,3.33594,1
1.2825,3.33594,1
1.3775,3.33594,1
1.4725,3.33594,1
1.5675,3.33594,1
1.6625,3.33594,1
1.7575,3.33594,1
1.8525,3.33594,1
1.9475,3.33594,1
2.0425,3.33594,1
2.1375,3.33594,1
2.2325,3.33594,1
2.3275,3.33594,1
2.4225,3.33594,1
2.5175,3.33594,1
2.6125,3.33594,1
2.7075,3.33594,1
2.8025,3.33594,1
2.8975,3.33594,1
2.9925,3.33594,1
3.0875,3.33594,1
3.1825,3.33594,1
3.2775,3.33594,0.702667
3.3725,3.33594,0
3.4675,3.33594,0
3.5625,3.33594,0
3.6575,3.33594,0
3.7525,3.33594,0
3.8475,3.33594,0.696908
3.9425,3.33594,0.961085
4.0375,3.33594,0.961085
4.1325,3.33594,0.961085
4.2275,3.33594,0.264177
4.3225,3.33594,0
4.4175,3.33594,0
4.5125,3.33594,0
4.6075,3.33594,0
4.7025,3.33594,0.686867
4.7975,3.33594,1
4.8925,3.33594,1
4.9875,3.33594,1
5.0825,3.33594,1
5.1775,3.33594,1
5.2725,3.33594,0.313133
5.3675,3.33594,0
5.4625,3.33594,0
5.5575,3.33594,0
5.6525,3.33594,0
5.7475,3.33594,0
5.8425,3.33594,0
5.9375,3.33594,0
6.0325,3.33594,0
0.0475,3.44531,0.297333
0.1425,3.44531,1
0.2375,3.44531,1
0.3325,3.44531,1
0.4275,3.44531,1
0.5225,3.44531,1
0.6175,3.44531,1
0.7125,3.44531,1
0.8075,3.44531,1
0.9025,3.44531,1
0.9975,3.44531,1
1.0925,3.44531,1
1.1875,3.44531,1
1.2825,3.44531,1
1.3775,3.44531,1
1.4725,3.44531,1
1.5675,3.44531,1
1.6625,3.44531,1
1.7575,3.44531,1
1.8525,3.44531,1
1.9475,3.44531,1
2.0425,3.44531,1
2.1375,3.44531,1
2.2325,3.44531,1
2.3275,3.44531,1
2.4225,3.44531,1
2.5175,3.44531,1
2.6125,3.44531,1
2.7075,3.44531,1
2.8025,3.44531,1
2.8975,3.44531,1
2.9925,3.44531,1
3.0875,3.44531,1
3.1825,3.44531,1
3.2775,3.44531,0.702667
3.3725,3.44531,0
3.4675,3.44531,0
3.5625,3.44531,0
3.6575,3.44531,0
3.7525,3.44531,0
3.8475,3.44531,0.725126
3.9425,3.44531,1
4.0375,3.44531,1
4.1325,3.44531,1
4.2275,3.44531,0.274874
4.3225,3.44531,0
4.4175,3.44531,0
4.5125,3.44531,0
4.6075,3.44531,0
4.7025,3.44531,0.686867
4.7975,3.44531,1
4.8925,3.44531,1
4.9875,3.44531,1
5.0825,3.44531,1
5.1775,3.44531,1
5.2725,3.44531,0.313133
5.3675,3.44531,0
5.4625,3.44531,0
5.5575,3.44531,0
5.6525,3.44531,0
5.7475,3.44531,0
5.8425,3.44531,0
5.9375,3.44531,0
6.0325,3.44531,0
0.0475,3.55469,0.297333
0.1425,3.55469,1
0.2375,3.55469,1
0.3325,3.55469,1
0.4275,3.55469,1
0.5225,3.55469,1
0.6175,3.55469,1
0.7125,3.55469,1
0.8075,3.55469,1
0.9025,3.55469,1
0.9975,3.55469,1
1.0925,3.55469,1
1.1875,3.55469,1
1.2825,3.55469,1
1.3775,3.55469,1
1.4725,3.55469,1
1.5675,3.55469,1
1.6625,3.55469,1
1.7575,3.55469,1
1.8525,3.55469,1
1.9475,3.55469,1
2.0425,3.55469,1
2.1375,3.55469,1
2.2325,3.55469,1
2.3275,3.55469,1
2.4225,3.55469,1
2.5175,3.55469,1
2.6125,3.55469,1
2.7075,3.55469,1
2.8025,3.55469,1
2.8975,3.55469,1
2.9925,3.55469,1
3.0875,3.55469,1
3.1825,3.55469,1
3.2775,3.55469,0.702667
3.3725,3.55469,0
3.4675,3.55469,0
3.5625,3.55469,0
3.6575,3.55469,0
3.7525,3.55469,0
3.8475,3.55469,0.725126
3.9425,3.55469,1
4.0375,3.55469,1
4.1325,3.55469,1
4.2275,3.55469,0.274874
4.3225,3.55469,0
4.4175,3.55469,0
4.5125,3.55469,0
4.6075,3.55469,0
4.7025,3.55469,0.686867
4.7975,3.55469,1
4.8925,3.55469,1
4.9875,3.55469,1
5.0825,3.55469,1
5.1775,3.55469,1
5.2725,3.55469,0.313133
5.3675,3.55469,0
5.4625,3.55469,0
5.5575,3.55469,0
5.6525,3.55469,0
5.7475,3.55469,0
5.8425,3.55469,0
5.9375,3.55469,0
6.0325,3.55469,0
0.0475,3.66406,0.297333
0.1425,3.66406,1
0.2375,3.66406,1
0.3325,3.66406,1
0.4275,3.66406,1
0.5225,3.66406,1
0.6175,3.66406,1
0.7125,3.66406,1
0.8075,3.66406,1
0.9025,3.66406,1
0.9975,3.66406,1
1.0925,3.66406,1
1.1875,3.66406,1
1.2825,3.66406,1
1.3775,3.66406,1
1.4725,3.66406,1
1.5675,3.66406,1
1.6625,3.66406,1
1.7575,3.66406,1
1.8525,3.66406,1
1.9475,3.66406,1
2.0425,3.66406,1
2.1375,3.66406,1
2.2325,3.66406,1
2.3275,3.66406,1
2.4225,3.66406,1
2.5175,3.66406,1
2.6125,3.66406,1
2.7075,3.66406,1
2.8025,3.66406,1
2.8975,3.66406,1
2.9925,3.66406,1
3.0875,3.66406,1
3.1825,3.66406,1
3.2775,3.66406,0.702667
3.3725,3.66406,0
3.4675,3.66406,0
3.5625,3.66406,0
3.6575,3.66406,0
3.7525,3.66406,0
3.8475,3.66406,0.725126
3.9425,3.66406,1
4.0375,3.66406,1
4.1325,3.66406,1
4.2275,3.66406,0.274874
4.3225,3.66406,0
4.4175,3.66406,0
4.5125,3.66406,0
4.6075,3.66406,0
4.7025,3.66406,0.686867
4.7975,3.66406,1
4.8925,3.66406,1
4.9875,3.66406,1
5.0825,3.66406,1
5.1775,3.66406,1
5.2725,3.66406,0.313133
5.3675,3.66406,0
5.4625,3.66406,0
5.5575,3.66406,0
5.6525,3.66406,0
5.7475,3.66406,0
5.8425,3.66406,0
5.9375,3.66406,0
6.0325,3.66406,0
0.0475,3.77344,0.297333
0.1425,3.77344,1
0.2375,3.77344,1
0.3325,3.77344,1
0.4275,3.77344,1
0.5225,3.77344,1
0.6175,3.77344,1
0.7125,3.77344,1
0.8075,3.77344,1
0.9025,3.77344,1
0.9975,3.77344,1
1.0925,3.77344,1
1.1875,3.77344,1
1.2825,3.77344,1
1.3775,3.77344,1
1.4725,3.77344,1
1.5675,3.77344,1
1.6625,3.77344,1
1.7575,3.77344,1
1.8525,3.77344,1
1.9475,3.77344,1
2.0425,3.77344,1
2.1375,3.77344,1
2.2325,3.77344,1
2.3275,3.77344,1
2.4225,3.77344,1
2.5175,3.77344,1
2.6125,3.77344,1
2.7075,3.77344,1
2.8025,3.77344,1
2.8975,3.77344,1
2.9925,3.77344,1
3.0875,3.77344,1
3.1825,3.77344,1
3.2775,3.77344,0.702667
3.3725,3.77344,0
3.4675,3.77344,0
3.5625,3.77344,0
3.6575,3.77344,0
3.7525,3.77344,0
3.8475,3.77344,0.725126
3.9425,3.77344,1
4.0375,3.77344,1
4.1325,3.77344,1
4.2275,3.77344,0.274874
4.3225,3.77344,0
4.4175,3.77344,0
4.5125,3.77344,0
4.6075,3.77344,0
4.7025,3.77344,0.686867
4.7975,3.77344,1
4.8925,3.77344,1
4.9875,3.77344,1
5.0825,3.77344,1
5.1775,3.77344,1
5.2725,3.77344,0.313133
5.3675,3.77344,0
5.4625,3.77344,0
5.5575,3.77344,0
5.6525,3.77344,0
5.7475,3.77344,0
5.8425,3.77344,0
5.9375,3.77344,0
6.0325,3.77344,0
0.0475,3.88281,0.687387
0.1425,3.88281,1.39005
0.2375,3.88281,1.39005
0.3325,3.88281,1.39005
0.4275,3.88281,1
0.5225,3.88281,1
0.6175,3.88281,1
0.7125,3.88281,1
0.8075,3.88281,1
0.9025,3.88281,1
0.9975,3.88281,1
1.0925,3.88281,1
1.1875,3.88281,1
1.2825,3.88281,1
1.3775,3.88281,1
1.4725,3.88281,1
1.5675,3.88281,1
1.6625,3.88281,1
1.7575,3.88281,1
1.8525,3.88281,1
1.9475,3.88281,1
2.0425,3.88281,1
2.1375,3.88281,1
2.2325,3.88281,1
2.3275,3.88281,1
2.4225,3.88281,1
2.5175,3.88281,1
2.6125,3.88281,1
2.7075,3.88281,1
2.8025,3.88281,1
2.8975,3.88281,1
2.9925,3.88281,1
3.0875,3.88281,1
3.1825,3.88281,1
3.2775,3.88281,0.702667
3.3725,3.88281,0
3.4675,3.88281,0
3.5625,3.88281,0
3.6575,3.88281,0
3.7525,3.88281,0
3.8475,3.88281,0.725126
3.9425,3.88281,1
4.0375,3.88281,1
4.1325,3.88281,1
4.2275,3.88281,0.274874
4.3225,3.88281,0
4.4175,3.88281,0
4.5125,3.88281,0
4.6075,3.88281,0
4.7025,3.88281,0.686867
4.7975,3.88281,1
4.8925,3.88281,1
4.9875,3.88281,1
5.0825,3.88281,1
5.1775,3.88281,1
5.2725,3.88281,0.313133
5.3675,3.88281,0
5.4625,3.88281,0
5.5575,3.88281,0
5.6525,3.88281,0
5.7475,3.88281,0
5.8425,3.88281,0
5.9375,3.88281,0
6.0325,3.88281,0
0.0475,3.99219,1.29733
0.1425,3.99219,2
0.2375,3.99219,2
0.3325,3.99219,2
0.4275,3.99219,1
0.5225,3.99219,1
0.6175,3.99219,1
0.7125,3.99219,1
0.8075,3.99219,1
0.9025,3.99219,1
0.9975,3.99219,1
1.0925,3.99219,1
1.1875,3.99219,1
1.2825,3.99219,1
1.3775,3.99219,1
1.4725,3.99219,1
1.5675,3.99219,1
1.6625,3.99219,1
1.7575,3.99219,1
1.8525,3.99219,1
1.9475,3.99219,1
2.0425,3.99219,1
2.1375,3.99219,1
2.2325,3.99219,1
2.3275,3.99219,1
2.4225,3.99219,1
2.5175,3.99219,1
2.6125,3.99219,1
2.7075,3.99219,1
2.8025,3.99219,1
2.8975,3.99219,1
2.9925,3.99219,1
3.0875,3.99219,1
3.1825,3.99219,1
3.2775,3.99219,0.702667
3.3725,3.99219,0
3.4675,3.99219,0
3.5625,3.99219,0
3.6575,3.99219,0
3.7525,3.99219,0
3.8475,3.99219,0.725126
3.9425,3.99219,1
4.0375,3.99219,1
4.1325,3.99219,1
4.2275,3.99219,0.274874
4.3225,3.99219,0
4.4175,3.99219,0
4.5125,3.99219,0
4.6075,3.99219,0
4.7025,3.99219,0.686867
4.7975,3.99219,1
4.8925,3.99219,1
4.9875,3.99219,1
5.0825,3.99219,1
5.1775,3.99219,1
5.2725,3.99219,0.313133
5.3675,3.99219,0
5.4625,3.99219,0
5.5575,3.99219,0
5.6525,3.99219,0
5.7475,3.99219,0
5.8425,3.99219,0
5.9375,3.99219,0
6.0325,3.99219,0
0.0475,4.10156,1.29733
0.1425,4.10156,2
0.2375,4.10156,2
0.3325,4.10156,2
0.4275,4.10156,1
0.5225,4.10156,1
0.6175,4.10156,1
0.7125,4.10156,1
0.8075,4.10156,1
0.9025,4.10156,1
0.9975,4.10156,1
1.0925,4.10156,1
1.1875,4.10156,1
1.2825,4.10156,1
1.3775,4.10156,1
1.4725,4.10156,1
1.5675,4.10156,1
1.6625,4.10156,1
1.7575,4.10156,1
1.8525,4.10156,1
1.9475,4.10156,1
2.0425,4.10156,1
2.1375,4.10156,1
2.2325,4.10156,1
2.3275,4.10156,1
2.4225,4.10156,1
2.5175,4.10156,1
2.6125,4.10156,1
2.7075,4.10156,1
2.8025,4.10156,1
2.8975,4.10156,1
2.9925,4.10156,1
3.0875,4.10156,1
3.1825,4.10156,1
3.2775,4.10156,0.702667
3.3725,4.10156,0
3.4675,4.10156,0
3.5625,4.10156,0
3.6575,4.10156,0
3.7525,4.10156,0
3.8475,4.10156,0.725126
3.9425,4.10156,1
4.0375,4.10156,1
4.1325,4.10156,1
4.2275,4.10156,0.274874
4.3225,4.10156,0.498988
4.4175,4.10156,0.897492
4.5125,4.10156,0.897492
4.6075,4.10156,0.897492
4.7025,4.10156,1.08537
4.7975,4.10156,1
4.8925,4.10156,1
4.9875,4.10156,1
5.0825,4.10156,1
5.1775,4.10156,1
5.2725,4.10156,0.313133
5.3675,4.10156,0
5.4625,4.10156,0
5.5575,4.10156,0
5.6525,4.10156,0
5.7475,4.10156,0
5.8425,4.10156,0
5.9375,4.10156,0
6.0325,4.10156,0
0.0475,4.21094,1.29733
0.1425,4.21094,2
0.2375,4.21094,2
0.3325,4.21094,2
0.4275,4.21094,1
0.5225,4.21094,1
0.6175,4.21094,1
0.7125,4.21094,1
0.8075,4.21094,1
0.9025,4.21094,1
0.9975,4.21094,1
1.0925,4.21094,1
1.1875,4.21094,1
1.2825,4.21094,1
1.3775,4.21094,1
1.4725,4.21094,1
1.5675,4.21094,1
1.6625,4.21094,1
1.7575,4.21094,1
1.8525,4.21094,1
1.9475,4.21094,1
2.0425,4.21094,1
2.1375,4.21094,1
2.2325,4.21094,1
2.3275,4.21094,1
2.4225,4.21094,1
2.5175,4.21094,1
2.6125,4.21094,1
2.7075,4.21094,1
2.8025,4.21094,1
2.8975,4.21094,1
2.9925,4.21094,1
3.0875,4.21094,1
3.1825,4.21094,1
3.2775,4.21094,0.702667
3.3725,4.21094,0
3.4675,4.21094,0
3.5625,4.21094,0
3.6575,4.21094,0
3.7525,4.21094,0
3.8475,4.21094,0.725126
3.9425,4.21094,1
4.0375,4.21094,1
4.1325,4.21094,1
4.2275,4.21094,0.274874
4.3225,4.21094,0.555981
4.4175,4.21094,1
4.5125,4.21094,1
4.6075,4.21094,1
4.7025,4.21094,1.13089
4.7975,4.21094,1
4.8925,4.21094,1
4.9875,4.21094,1
5.0825,4.21094,1
5.1775,4.21094,1
5.2725,4.21094,0.313133
5.3675,4.21094,0
5.4625,4.21094,0
5.5575,4.21094,0
5.6525,4.21094,0
5.7475,4.21094,0
5.8425,4.21094,0
5.9375,4.21094,0
6.0325,4.21094,0
0.0475,4.32031,1.19407
0.1425,4.32031,1.65271
0.2375,4.32031,1.65271
0.3325,4.32031,1.65271
0.4275,4.32031,0.652707
0.5225,4.32031,0.652707
0.6175,4.32031,0.652707
0.7125,4.32031,0.652707
0.8075,4.32031,0.652707
0.9025,4.32031,0.652707
0.9975,4.32031,0.652707
1.0925,4.32031,0.652707
1.1875,4.32031,0.652707
1.2825,4.32031,0.652707
1.3775,4.32031,0.652707
1.4725,4.32031,0.652707
1.5675,4.32031,0.652707
1.6625,4.32031,0.652707
1.7575,4.32031,0.652707
1.8525,4.32031,0.652707
1.9475,4.32031,0.652707
2.0425,4.32031,0.652707
2.1375,4.32031,0.652707
2.2325,4.32031,0.652707
2.3275,4.32031,0.652707
2.4225,4.32031,0.652707
2.5175,4.32031,0.652707
2.6125,4.32031,0.652707
2.7075,4.32031,0.652707
2.8025,4.32031,0.652707
2.8975,4.32031,0.652707
2.9925,4.32031,0.652707
3.0875,4.32031,0.652707
3.1825,4.32031,0.652707
3.2775,4.32031,0.458636
3.3725,4.32031,0
3.4675,4.32031,0
3.5625,4.32031,0
3.6575,4.32031,0
3.7525,4.32031,0
3.8475,4.32031,0.725126
3.9425,4.32031,1
4.0375,4.32031,1
4.1325,4.32031,1
4.2275,4.32031,0.274874
4.3225,4.32031,0.555981
4.4175,4.32031,1
4.5125,4.32031,1
4.6075,4.32031,1
4.7025,4.32031,1.13089
4.7975,4.32031,1
4.8925,4.32031,1
4.9875,4.32031,1
5.0825,4.32031,1
5.1775,4.32031,1
5.2725,4.32031,0.313133
5.3675,4.32031,0
5.4625,4.32031,0
5.5575,4.32031,0
5.6525,4.32031,0
5.7475,4.32031,0
5.8425,4.32031,0
5.9375,4.32031,0
6.0325,4.32031,0
0.0475,4.42969,1
0.1425,4.42969,1
0.2375,4.42969,1
0.3325,4.42969,1
0.4275,4.42969,0
0.5225,4.42969,0
0.6175,4.42969,0
0.7125,4.42969,0
0.8075,4.42969,0
0.9025,4.42969,0
0.9975,4.42969,0
1.0925,4.42969,0
1.1875,4.42969,0
1.2825,4.42969,0
1.3775,4.42969,0
1.4725,4.42969,0
1.5675,4.42969,0
1.6625,4.42969,0
1.7575,4.42969,0
1.8525,4.42969,0
1.9475,4.42969,0
2.0425,4.42969,0
2.1375,4.42969,0
2.2325,4.42969,0
2.3275,4.42969,0
2.4225,4.42969,0
2.5175,4.42969,0
2.6125,4.42969,0
2.7075,4.42969,0
2.8025,4.42969,0
2.8975,4.42969,0
2.9925,4.42969,0
3.0875,4.42969,0
3.1825,4.42969,0
3.2775,4.42969,0
3.3725,4.42969,0
3.4675,4.42969,0
3.5625,4.42969,0
3.6575,4.42969,0
3.7525,4.42969,0
3.8475,4.42969,0.725126
3.9425,4.42969,1
4.0375,4.42969,1
4.1325,4.42969,1
4.2275,4.42969,0.274874
4.3225,4.42969,0.555981
4.4175,4.42969,1
4.5125,4.42969,1
4.6075,4.42969,1
4.7025,4.42969,1.13089
4.7975,4.42969,1
4.8925,4.42969,1
4.9875,4.42969,1
5.0825,4.42969,1
5.1775,4.42969,1
5.2725,4.42969,0.313133
5.3675,4.42969,0
5.4625,4.42969,0
5.5575,4.42969,0
5.6525,4.42969,0
5.7475,4.42969,0
5.8425,4.42969,0
5.9375,4.42969,0
6.0325,4.42969,0
0.0475,4.53906,1
0.1425,4.53906,1
0.2375,4.53906,1
0.3325,4.53906,1
0.4275,4.53906,0
0.5225,4.53906,0
0.6175,4.53906,0
0.7125,4.53906,0
0.8075,4.53906,0
0.9025,4.53906,0
0.9975,4.53906,0
1.0925,4.53906,0
1.1875,4.53906,0
1.2825,4.53906,0
1.3775,4.53906,0
1.4725,4.53906,0
1.5675,4.53906,0
1.6625,4.53906,0
1.7575,4.53906,0
1.8525,4.53906,0
1.9475,4.53906,0
2.0425,4.53906,0
2.1375,4.53906,0
2.2325,4.53906,0
2.3275,4.53906,0
2.4225,4.53906,0
2.5175,4.53906,0
2.6125,4.53906,0
2.7075,4.53906,0
2.8025,4.53906,0
2.8975,4.53906,0
2.9925,4.53906,0
3.0875,4.53906,0
3.1825,4.53906,0
3.2775,4.53906,0
3.3725,4.53906,0
3.4675,4.53906,0
3.5625,4.53906,0
3.6575,4.53906,0
3.7525,4.53906,0
3.8475,4.53906,0.725126
3.9425,4.53906,1
4.0375,4.53906,1
4.1325,4.53906,1
4.2275,4.53906,0.274874
4.3225,4.53906,0.555981
4.4175,4.53906,1
4.5125,4.53906,1
4.6075,4.53906,1
4.7025,4.53906,0.804417
4.7975,4.53906,0.524698
4.8925,4.53906,0.524698
4.9875,4.53906,0.524698
5.0825,4.53906,0.524698
5.1775,4.53906,0.524698
5.2725,4.53906,0.164301
5.3675,4.53906,0
5.4625,4.53906,0
5.5575,4.53906,0
5.6525,4.53906,0
5.7475,4.53906,0
5.8425,4.53906,0
5.9375,4.53906,0
6.0325,4.53906,0
0.0475,4.64844,1
0.1425,4.64844,1
0.2375,4.64844,1
0.3325,4.64844,1
0.4275,4.64844,0
0.5225,4.64844,0
0.6175,4.64844,0
0.7125,4.64844,0
0.8075,4.64844,0
0.9025,4.64844,0
0.9975,4.64844,0
1.0925,4.64844,0
1.1875,4.64844,0
1.2825,4.64844,0
1.3775,4.64844,0
1.4725,4.64844,0
1.5675,4.64844,0
1.6625,4.64844,0
1.7575,4.64844,0
1.8525,4.64844,0
1.9475,4.64844,0
2.0425,4.64844,0
2.1375,4.64844,0
2.2325,4.64844,0
2.3275,4.64844,0
2.4225,4.64844,0
2.5175,4.64844,0
2.6125,4.64844,0
2.7075,4.64844,0
2.8025,4.64844,0
2.8975,4.64844,0
2.9925,4.64844,0
3.0875,4.64844,0
3.1825,4.64844,0
3.2775,4.64844,0
3.3725,4.64844,0
3.4675,4.64844,0
3.5625,4.64844,0
3.6575,4.64844,0
3.7525,4.64844,0
3.8475,4.64844,0.608319
3.9425,4.64844,0.838915
4.0375,4.64844,0.838915
4.1325,4.64844,0.838915
4.2275,4.64844,0.230596
4.3225,4.64844,0.555981
4.4175,4.64844,1
4.5125,4.64844,1
4.6075,4.64844,1
4.7025,4.64844,0.444019
4.7975,4.64844,0
4.8925,4.64844,0
4.9875,4.64844,0
5.0825,4.64844,0
5.1775,4.64844,0
5.2725,4.64844,0
5.3675,4.64844,0
5.4625,4.64844,0
5.5575,4.64844,0
5.6525,4.64844,0
5.7475,4.64844,0
5.8425,4.64844,0
5.9375,4.64844,0
6.0325,4.64844,0
0.0475,4.75781,1.42863
0.1425,4.75781,1.42863
0.2375,4.75781,1.42863
0.3325,4.75781,1.42863
0.4275,4.75781,0
0.5225,4.75781,0
0.6175,4.75781,0
0.7125,4.75781,0
0.8075,4.75781,0
0.9025,4.75781,0
0.9975,4.75781,0
1.0925,4.75781,0
1.1875,4.75781,0
1.2825,4.75781,0
1.3775,4.75781,0
1.4725,4.75781,0
1.5675,4.75781,0
1.6625,4.75781,0
1.7575,4.75781,0
1.8525,4.75781,0
1.9475,4.75781,0
2.0425,4.75781,0
2.1375,4.75781,0
2.2325,4.75781,0
2.3275,4.75781,0
2.4225,4.75781,0
2.5175,4.75781,0
2.6125,4.75781,0
2.7075,4.75781,0
2.8025,4.75781,0
2.8975,4.75781,0
2.9925,4.75781,0
3.0875,4.75781,0
3.1825,4.75781,0
3.2775,4.75781,0
3.3725,4.75781,0
3.4675,4.75781,0
3.5625,4.75781,0
3.6575,4.75781,0
3.7525,4.75781,0
3.8475,4.75781,0
3.9425,4.75781,0
4.0375,4.75781,0
4.1325,4.75781,0
4.2275,4.75781,0
4.3225,4.75781,0.555981
4.4175,4.75781,1
4.5125,4.75781,1
4.6075,4.75781,1
4.7025,4.75781,0.444019
4.7975,4.75781,0
4.8925,4.75781,0
4.9875,4.75781,0
5.0825,4.75781,0
5.1775,4.75781,0
5.2725,4.75781,0
5.3675,4.75781,0
5.4625,4.75781,0
5.5575,4.75781,0
5.6525,4.75781,0
5.7475,4.75781,0
5.8425,4.75781,0
5.9375,4.75781,0
6.0325,4.75781,0
0.0475,4.86719,2
0.1425,4.86719,2
0.2375,4.86719,2
0.3325,4.86719,2
0.4275,4.86719,0
0.5225,4.86719,0
0.6175,4.86719,0
0.7125,4.86719,0
0.8075,4.86719,0
0.9025,4.86719,0
0.9975,4.86719,0
1.0925,4.86719,0
1.1875,4.86719,0
1.2825,4.86719,0
1.3775,4.86719,0
1.4725,4.86719,0
1.5675,4.86719,0
1.6625,4.86719,0
1.7575,4.86719,0
1.8525,4.86719,0
1.9475,4.86719,0
2.0425,4.86719,0
2.1375,4.86719,0
2.2325,4.86719,0
2.3275,4.86719,0
2.4225,4.86719,0
2.5175,4.86719,0
2.6125,4.86719,0
2.7075,4.86719,0
2.8025,4.86719,0
2.8975,4.86719,0
2.9925,4.86719,0
3.0875,4.86719,0
3.1825,4.86719,0
3.2775,4.86719,0
3.3725,4.86719,0
3.4675,4.86719,0
3.5625,4.86719,0
3.6575,4.86719,0
3.7525,4.86719,0
3.8475,4.86719,0
3.9425,4.86719,0
4.0375,4.86719,0
4.1325,4.86719,0
4.2275,4.86719,0
4.3225,4.86719,0.555981
4.4175,4.86719,1
4.5125,4.86719,1
4.6075,4.86719,1
4.7025,4.86719,0.444019
4.7975,4.86719,0
4.8925,4.86719,0
4.9875,4.86719,0
5.0825,4.86719,0
5.1775,4.86719,0
5.2725,4.86719,0
5.3675,4.86719,0
5.4625,4.86719,0
5.5575,4.86719,0
5.6525,4.86719,0
5.7475,4.86719,0
5.8425,4.86719,0
5.9375,4.86719,0
6.0325,4.86719,0
0.0475,4.97656,2
0.1425,4.97656,2
0.2375,4.97656,2
0.3325,4.97656,2
0.4275,4.97656,0
0.5225,4.97656,0
0.6175,4.97656,0
0.7125,4.97656,0
0.8075,4.97656,0
0.9025,4.97656,0
0.9975,4.97656,0
1.0925,4.97656,0
1.1875,4.97656,0
1.2825,4.97656,0
1.3775,4.97656,0
1.4725,4.97656,0
1.5675,4.97656,0
1.6625,4.97656,0
1.7575,4.97656,0
1.8525,4.97656,0
1.9475,4.97656,0
2.0425,4.97656,0
2.1375,4.97656,0
2.2325,4.97656,0
2.3275,4.97656,0
2.4225,4.97656,0
2.5175,4.97656,0
2.6125,4.97656,0
2.7075,4.97656,0
2.8025,4.97656,0
2.8975,4.97656,0
2.9925,4.97656,0
3.0875,4.97656,0
3.1825,4.97656,0
3.2775,4.97656,0
3.3725,4.97656,0
3.4675,4.97656,0
3.5625,4.97656,0
3.6575,4.97656,0
3.7525,4.97656,0
3.8475,4.97656,0
3.9425,4.97656,0
4.0375,4.97656,0
4.1325,4.97656,0
4.2275,4.97656,0
4.3225,4.97656,0.555981
4.4175,4.97656,1
4.5125,4.97656,1
4.6075,4.97656,1
4.7025,4.97656,0.444019
4.7975,4.97656,0
4.8925,4.97656,0
4.9875,4.97656,0
5.0825,4.97656,0
5.1775,4.97656,0
5.2725,4.97656,0
5.3675,4.97656,0
5.4625,4.97656,0
5.5575,4.97656,0
5.6525,4.97656,0
5.7475,4.97656,0
5.8425,4.97656,0
5.9375,4.97656,0
6.0325,4.97656,0
0.0475,5.08594,2
0.1425,5.08594,2
0.2375,5.08594,2
0.3325,5.08594,2
0.4275,5.08594,0
0.5225,5.08594,0
0.6175,5.08594,0
0.7125,5.08594,0
0.8075,5.08594,0
0.9025,5.08594,0
0.9975,5.08594,0
1.0925,5.08594,0
1.1875,5.08594,0
1.2825,5.08594,0
1.3775,5.08594,0
1.4725,5.08594,0
1.5675,5.08594,0
1.6625,5.08594,0
1.7575,5.08594,0
1.8525,5.08594,0
1.9475,5.08594,0
2.0425,5.08594,0
2.1375,5.08594,0
2.2325,5.08594,0
2.3275,5.08594,0
2.4225,5.08594,0
2.5175,5.08594,0
2.6125,5.08594,0
2.7075,5.08594,0
2.8025,5.08594,0
2.8975,5.08594,0
2.9925,5.08594,0
3.0875,5.08594,0
3.1825,5.08594,0
3.2775,5.08594,0
3.3725,5.08594,0
3.4675,5.08594,0
3.5625,5.08594,0
3.6575,5.08594,0
3.7525,5.08594,0
3.8475,5.08594,0
3.9425,5.08594,0
4.0375,5.08594,0
4.1325,5.08594,0
4.2275,5.08594,0
4.3225,5.08594,0.555981
4.4175,5.08594,1
4.5125,5.08594,1
4.6075,5.08594,1
4.7025,5.08594,0.444019
4.7975,5.08594,0
4.8925,5.08594,0
4.9875,5.08594,0
5.0825,5.08594,0
5.1775,5.08594,0
5.2725,5.08594,0
5.3675,5.08594,0
5.4625,5.08594,0
5.5575,5.08594,0
5.6525,5.08594,0
5.7475,5.08594,0
5.8425,5.08594,0
5.9375,5.08594,0
6.0325,5.08594,0
0.0475,5.19531,2
0.1425,5.19531,2
0.2375,5.19531,2
0.3325,5.19531,2
0.4275,5.19531,0
0.5225,5.19531,0
0.6175,5.19531,0
0.7125,5.19531,0
0.8075,5.19531,0
0.9025,5.19531,0
0.9975,5.19531,0
1.0925,5.19531,0
1.1875,5.19531,0.197546
1.2825,5.19531,0.882082
1.3775,5.19531,0.882082
1.4725,5.19531,0.882082
1.5675,5.19531,0.882082
1.6625,5.19531,0.882082
1.7575,5.19531,0.882082
1.8525,5.19531,0.882082
1.9475,5.19531,0.882082
2.0425,5.19531,0.882082
2.1375,5.19531,0.882082
2.2325,5.19531,0.882082
2.3275,5.19531,0.882082
2.4225,5.19531,0.882082
2.5175,5.19531,0.882082
2.6125,5.19531,0.882082
2.7075,5.19531,0.882082
2.8025,5.19531,0.882082
2.8975,5.19531,0.882082
2.9925,5.19531,0.882082
3.0875,5.19531,0.882082
3.1825,5.19531,0.882082
3.2775,5.19531,0.882082
3.3725,5.19531,0.882082
3.4675,5.19531,0.882082
3.5625,5.19531,0.882082
3.6575,5.19531,0.882082
3.7525,5.19531,0.882082
3.8475,5.19531,0.882082
3.9425,5.19531,0.882082
4.0375,5.19531,0.882082
4.1325,5.19531,0.882082
4.2275,5.19531,0.882082
4.3225,5.19531,1.43806
4.4175,5.19531,1.68454
4.5125,5.19531,1
4.6075,5.19531,1
4.7025,5.19531,0.444019
4.7975,5.19531,0
4.8925,5.19531,0
4.9875,5.19531,0
5.0825,5.19531,0
5.1775,5.19531,0
5.2725,5.19531,0
5.3675,5.19531,0
5.4625,5.19531,0
5.5575,5.19531,0
5.6525,5.19531,0
5.7475,5.19531,0
5.8425,5.19531,0
5.9375,5.19531,0
6.0325,5.19531,0
0.0475,5.30469,1.40995
0.1425,5.30469,1.40995
0.2375,5.30469,1.40995
0.3325,5.30469,1.40995
0.4275,5.30469,0
0.5225,5.30469,0
0.6175,5.30469,0
0.7125,5.30469,0
0.8075,5.30469,0
0.9025,5.30469,0
0.9975,5.30469,0
1.0925,5.30469,0
1.1875,5.30469,0.223954
1.2825,5.30469,1
1.3775,5.30469,1
1.4725,5.30469,1
1.5675,5.30469,1
1.6625,5.30469,1
1.7575,5.30469,1
1.8525,5.30469,1
1.9475,5.30469,1
2.0425,5.30469,1
2.1375,5.30469,1
2.2325,5.30469,1
2.3275,5.30469,1
2.4225,5.30469,1
2.5175,5.30469,1
2.6125,5.30469,1
2.7075,5.30469,1
2.8025,5.30469,1
2.8975,5.30469,1
2.9925,5.30469,1
3.0875,5.30469,1
3.1825,5.30469,1
3.2775,5.30469,1
3.3725,5.30469,1
3.4675,5.30469,1
3.5625,5.30469,1
3.6575,5.30469,1
3.7525,5.30469,1
3.8475,5.30469,1
3.9425,5.30469,1
4.0375,5.30469,1
4.1325,5.30469,1
4.2275,5.30469,1
4.3225,5.30469,1.55598
4.4175,5.30469,1.77605
4.5125,5.30469,1
4.6075,5.30469,1
4.7025,5.30469,0.444019
4.7975,5.30469,0
4.8925,5.30469,0
4.9875,5.30469,0
5.0825,5.30469,0
5.1775,5.30469,0
5.2725,5.30469,0
5.3675,5.30469,0
5.4625,5.30469,0
5.5575,5.30469,0
5.6525,5.30469,0
5.7475,5.30469,0
5.8425,5.30469,0
5.9375,5.30469,0
6.0325,5.30469,0
0.0475,5.41406,1
0.1425,5.41406,1
0.2375,5.41406,1
0.3325,5.41406,1
0.4275,5.41406,0
0.5225,5.41406,0
0.6175,5.41406,0
0.7125,5.41406,0
0.8075,5.41406,0
0.9025,5.41406,0
0.9975,5.41406,0
1.0925,5.41406,0
1.1875,5.41406,0.223954
1.2825,5.41406,1
1.3775,5.41406,1
1.4725,5.41406,1
1.5675,5.41406,1
1.6625,5.41406,1
1.7575,5.41406,1
1.8525,5.41406,1
1.9475,5.41406,1
2.0425,5.41406,1
2.1375,5.41406,1
2.2325,5.41406,1
2.3275,5.41406,1
2.4225,5.41406,1
2.5175,5.41406,1
2.6125,5.41406,1
2.7075,5.41406,1
2.8025,5.41406,1
2.8975,5.41406,1
2.9925,5.41406,1
3.0875,5.41406,1
3.1825,5.41406,1
3.2775,5.41406,1
3.3725,5.41406,1
3.4675,5.41406,1
3.5625,5.41406,1
3.6575,5.41406,1
3.7525,5.41406,1
3.8475,5.41406,1
3.9425,5.41406,1
4.0375,5.41406,1
4.1325,5.41406,1
4.2275,5.41406,1
4.3225,5.41406,1.50178
4.4175,5.41406,1.67855
4.5125,5.41406,0.902508
4.6075,5.41406,0.902508
4.7025,5.41406,0.400731
4.7975,5.41406,0.175335
4.8925,5.41406,0.200894
4.9875,5.41406,0.200894
5.0825,5.41406,0.200894
5.1775,5.41406,0.025559
5.2725,5.41406,0
5.3675,5.41406,0
5.4625,5.41406,0
5.5575,5.41406,0
5.6525,5.41406,0
5.7475,5.41406,0
5.8425,5.41406,0
5.9375,5.41406,0
6.0325,5.41406,0
0.0475,5.52344,1
0.1425,5.52344,1
0.2375,5.52344,1
0.3325,5.52344,1
0.4275,5.52344,0
0.5225,5.52344,0
0.6175,5.52344,0
0.7125,5.52344,0
0.8075,5.52344,0
0.9025,5.52344,0
0.9975,5.52344,0
1.0925,5.52344,0
1.1875,5.52344,0.223954
1.2825,5.52344,1
1.3775,5.52344,1
1.4725,5.52344,1
1.5675,5.52344,1
1.6625,5.52344,1
1.7575,5.52344,1
1.8525,5.52344,1
1.9475,5.52344,1
2.0425,5.52344,1
2.1375,5.52344,1
2.2325,5.52344,1
2.3275,5.52344,1
2.4225,5.52344,1
2.5175,5.52344,1
2.6125,5.52344,1
2.7075,5.52344,1
2.8025,5.52344,1
2.8975,5.52344,1
2.9925,5.52344,1
3.0875,5.52344,1
3.1825,5.52344,1
3.2775,5.52344,1
3.3725,5.52344,1
3.4675,5.52344,1
3.5625,5.52344,1
3.6575,5.52344,1
3.7525,5.52344,1
3.8475,5.52344,1
3.9425,5.52344,1
4.0375,5.52344,1
4.1325,5.52344,1
4.2275,5.52344,1
4.3225,5.52344,1
4.4175,5.52344,0.776046
4.5125,5.52344,0
4.6075,5.52344,0
4.7025,5.52344,0
4.7975,5.52344,0.872773
4.8925,5.52344,1
4.9875,5.52344,1
5.0825,5.52344,1
5.1775,5.52344,0.127227
5.2725,5.52344,0
5.3675,5.52344,0
5.4625,5.52344,0
5.5575,5.52344,0
5.6525,5.52344,0
5.7475,5.52344,0
5.8425,5.52344,0
5.9375,5.52344,0
6.0325,5.52344,0
0.0475,5.63281,1.8
0.1425,5.63281,1.8
0.2375,5.63281,1.8
0.3325,5.63281,1.8
0.4275,5.63281,0.8
0.5225,5.63281,0.8
0.6175,5.63281,0
0.7125,5.63281,0
0.8075,5.63281,0.182592
0.9025,5.63281,0.8
0.9975,5.63281,0.8
1.0925,5.63281,0.8
1.1875,5.63281,0.841362
1.2825,5.63281,1
1.3775,5.63281,1
1.4725,5.63281,1
1.5675,5.63281,1
1.6625,5.63281,1
1.7575,5.63281,1
1.8525,5.63281,1
1.9475,5.63281,1
2.0425,5.63281,1
2.1375,5.63281,1
2.2325,5.63281,1
2.3275,5.63281,1
2.4225,5.63281,1
2.5175,5.63281,1
2.6125,5.63281,1
2.7075,5.63281,1
2.8025,5.63281,1
2.8975,5.63281,1
2.9925,5.63281,1
3.0875,5.63281,1
3.1825,5.63281,1
3.2775,5.63281,1
3.3725,5.63281,1
3.4675,5.63281,1
3.5625,5.63281,1
3.6575,5.63281,1
3.7525,5.63281,1
3.8475,5.63281,1
3.9425,5.63281,1
4.0375,5.63281,1
4.1325,5.63281,1
4.2275,5.63281,1
4.3225,5.63281,1
4.4175,5.63281,0.776046
4.5125,5.63281,0
4.6075,5.63281,0
4.7025,5.63281,0
4.7975,5.63281,0.872773
4.8925,5.63281,1
4.9875,5.63281,1
5.0825,5.63281,1
5.1775,5.63281,0.127227
5.2725,5.63281,0
5.3675,5.63281,0
5.4625,5.63281,0
5.5575,5.63281,0
5.6525,5.63281,0
5.7475,5.63281,0
5.8425,5.63281,0
5.9375,5.63281,0
6.0325,5.63281,0
0.0475,5.74219,2
0.1425,5.74219,2
0.2375,5.74219,2
0.3325,5.74219,2
0.4275,5.74219,1
0.5225,5.74219,1
0.6175,5.74219,0
0.7125,5.74219,0
0.8075,5.74219,0.22824
0.9025,5.74219,1
0.9975,5.74219,1
1.0925,5.74219,1
1.1875,5.74219,0.995714
1.2825,5.74219,1
1.3775,5.74219,1
1.4725,5.74219,1
1.5675,5.74219,1
1.6625,5.74219,1
1.7575,5.74219,1
1.8525,5.74219,1
1.9475,5.74219,1
2.0425,5.74219,1
2.1375,5.74219,1
2.2325,5.74219,1
2.3275,5.74219,1
2.4225,5.74219,1
2.5175,5.74219,1
2.6125,5.74219,1
2.7075,5.74219,1
2.8025,5.74219,1
2.8975,5.74219,1
2.9925,5.74219,1
3.0875,5.74219,1
3.1825,5.74219,1
3.2775,5.74219,1
3.3725,5.74219,1
3.4675,5.74219,1
3.5625,5.74219,1
3.6575,5.74219,1
3.7525,5.74219,1
3.8475,5.74219,1
3.9425,5.74219,1
4.0375,5.74219,1
4.1325,5.74219,1
4.2275,5.74219,1
4.3225,5.74219,1
4.4175,5.74219,0.776046
4.5125,5.74219,0
4.6075,5.74219,0
4.7025,5.74219,0
4.7975,5.74219,0.872773
4.8925,5.74219,1
4.9875,5.74219,1
5.0825,5.74219,1
5.1775,5.74219,0.127227
5.2725,5.74219,0
5.3675,5.74219,0
5.4625,5.74219,0
5.5575,5.74219,0
5.6525,5.74219,0
5.7475,5.74219,0
5.8425,5.74219,0
5.9375,5.74219,0
6.0325,5.74219,0
0.0475,5.85156,2
0.1425,5.85156,2
0.2375,5.85156,2
0.3325,5.85156,2
0.4275,5.85156,1
0.5225,5.85156,1
0.6175,5.85156,0
0.7125,5.85156,0
0.8075,5.85156,0.22824
0.9025,5.85156,1
0.9975,5.85156,1
1.0925,5.85156,1
1.1875,5.85156,0.995714
1.2825,5.85156,1
1.3775,5.85156,1
1.4725,5.85156,1
1.5675,5.85156,1
1.6625,5.85156,1
1.7575,5.85156,1
1.8525,5.85156,1
1.9475,5.85156,1
2.0425,5.85156,1
2.1375,5.85156,1
2.2325,5.85156,1
2.3275,5.85156,1
2.4225,5.85156,1
2.5175,5.85156,1
2.6125,5.85156,1
2.7075,5.85156,1
2.8025,5.85156,1
2.8975,5.85156,1
2.9925,5.85156,1
3.0875,5.85156,1
3.1825,5.85156,1
3.2775,5.85156,1
3.3725,5.85156,1
3.4675,5.85156,1
3.5625,5.85156,1
3.6575,5.85156,1
3.7525,5.85156,1
3.8475,5.85156,1
3.9425,5.85156,1
4.0375,5.85156,1
4.1325,5.85156,1
4.2275,5.85156,1
4.3225,5.85156,1
4.4175,5.85156,0.776046
4.5125,5.85156,0
4.6075,5.85156,0
4.7025,5.85156,0
4.7975,5.85156,0.872773
4.8925,5.85156,1
4.9875,5.85156,1
5.0825,5.85156,1
5.1775,5.85156,0.127227
5.2725,5.85156,0
5.3675,5.85156,0
5.4625,5.85156,0
5.5575,5.85156,0
5.6525,5.85156,0
5.7475,5.85156,0
5.8425,5.85156,0
5.9375,5.85156,0
6.0325,5.85156,0
0.0475,5.96094,2
0.1425,5.96094,2
0.2375,5.96094,2
0.3325,5.96094,2
0.4275,5.96094,1
0.5225,5.96094,1
0.6175,5.96094,0
0.7125,5.96094,0
0.8075,5.96094,0.22824
0.9025,5.96094,1
0.9975,5.96094,1
1.0925,5.96094,1
1.1875,5.96094,0.995714
1.2825,5.96094,1
1.3775,5.96094,1
1.4725,5.96094,1
1.5675,5.96094,1
1.6625,5.96094,1
1.7575,5.96094,1
1.8525,5.96094,1
1.9475,5.96094,1
2.0425,5.96094,1
2.1375,5.96094,1
2.2325,5.96094,1
2.3275,5.96094,1
2.4225,5.96094,1
2.5175,5.96094,1
2.6125,5.96094,1
2.7075,5.96094,1
2.8025,5.96094,1
2.8975,5.96094,1
2.9925,5.96094,1
3.0875,5.96094,1
3.1825,5.96094,1
3.2775,5.96094,1
3.3725,5.96094,1
3.4675,5.96094,1
3.5625,5.96094,1
3.6575,5.96094,1
3.7525,5.96094,1
3.8475,5.96094,1
3.9425,5.96094,1
4.0375,5.96094,1
4.1325,5.96094,1
4.2275,5.96094,1
4.3225,5.96094,1
4.4175,5.96094,0.776046
4.5125,5.96094,0
4.6075,5.96094,0
4.7025,5.96094,0
4.7975,5.96094,0.872773
4.8925,5.96094,1
4.9875,5.96094,1
5.0825,5.96094,1
5.1775,5.96094,0.127227
5.2725,5.96094,0
5.3675,5.96094,0
5.4625,5.96094,0
5.5575,5.96094,0
5.6525,5.96094,0
5.7475,5.96094,0
5.8425,5.96094,0
5.9375,5.96094,0
6.0325,5.96094,0
0.0475,6.07031,2
0.1425,6.07031,2
0.2375,6.07031,2
0.3325,6.07031,2
0.4275,6.07031,1
0.5225,6.07031,1
0.6175,6.07031,0
0.7125,6.07031,0
0.8075,6.07031,0.22824
0.9025,6.07031,1
0.9975,6.07031,1
1.0925,6.07031,1
1.1875,6.07031,0.995714
1.2825,6.07031,1
1.3775,6.07031,1
1.4725,6.07031,1
1.5675,6.07031,1
1.6625,6.07031,1
1.7575,6.07031,1
1.8525,6.07031,1
1.9475,6.07031,1
2.0425,6.07031,1
2.1375,6.07031,1
2.2325,6.07031,1
2.3275,6.07031,1
2.4225,6.07031,1
2.5175,6.07031,1
2.6125,6.07031,1
2.7075,6.07031,1
2.8025,6.07031,1
2.8975,6.07031,1
2.9925,6.07031,1
3.0875,6.07031,1
3.1825,6.07031,1
3.2775,6.07031,1
3.3725,6.07031,1
3.4675,6.07031,1
3.5625,6.07031,1
3.6575,6.07031,1
3.7525,6.07031,1
3.8475,6.07031,1
3.9425,6.07031,1
4.0375,6.07031,1
4.1325,6.07031,1
4.2275,6.07031,1
4.3225,6.07031,1
4.4175,6.07031,0.776046
4.5125,6.07031,0
4.6075,6.07031,0
4.7025,6.07031,0
4.7975,6.07031,0.872773
4.8925,6.07031,1
4.9875,6.07031,1
5.0825,6.07031,1
5.1775,6.07031,0.127227
5.2725,6.07031,0
5.3675,6.07031,0
5.4625,6.07031,0
5.5575,6.07031,0
5.6525,6.07031,0
5.7475,6.07031,0
5.8425,6.07031,0
5.9375,6.07031,0
6.0325,6.07031,0
0.0475,6.17969,1.37137
0.1425,6.17969,1.37137
0.2375,6.17969,1.37137
0.3325,6.17969,1.37137
0.4275,6.17969,1
0.5225,6.17969,1
0.6175,6.17969,0
0.7125,6.17969,0
0.8075,6.17969,0.22824
0.9025,6.17969,1
0.9975,6.17969,1
1.0925,6.17969,1
1.1875,6.17969,0.995714
1.2825,6.17969,1
1.3775,6.17969,1
1.4725,6.17969,1
1.5675,6.17969,1
1.6625,6.17969,1
1.7575,6.17969,1
1.8525,6.17969,1
1.9475,6.17969,1
2.0425,6.17969,1
2.1375,6.17969,1
2.2325,6.17969,1
2.3275,6.17969,1
2.4225,6.17969,1
2.5175,6.17969,1
2.6125,6.17969,1
2.7075,6.17969,1
2.8025,6.17969,1
2.8975,6.17969,1
2.9925,6.17969,1
3.0875,6.17969,1
3.1825,6.17969,1
3.2775,6.17969,1
3.3725,6.17969,1
3.4675,6.17969,1
3.5625,6.17969,1
3.6575,6.17969,1
3.7525,6.17969,1
3.8475,6.17969,1
3.9425,6.17969,1
4.0375,6.17969,1
4.1325,6.17969,1
4.2275,6.17969,1
4.3225,6.17969,1
4.4175,6.17969,0.776046
4.5125,6.17969,0
4.6075,6.17969,0
4.7025,6.17969,0
4.7975,6.17969,0.872773
4.8925,6.17969,1
4.9875,6.17969,1
5.0825,6.17969,1
5.1775,6.17969,0.127227
5.2725,6.17969,0
5.3675,6.17969,0
5.4625,6.17969,0
5.5575,6.17969,0
5.6525,6.17969,0
5.7475,6.17969,0
5.8425,6.17969,0
5.9375,6.17969,0
6.0325,6.17969,0
0.0475,6.28906,1
0.1425,6.28906,1
0.2375,6.28906,1
0.3325,6.28906,1
0.4275,6.28906,1
0.5225,6.28906,1
0.6175,6.28906,0
0.7125,6.28906,0
0.8075,6.28906,0.22824
0.9025,6.28906,1
0.9975,6.28906,1
1.0925,6.28906,1
1.1875,6.28906,0.995714
1.2825,6.28906,1
1.3775,6.28906,1
1.4725,6.28906,1
1.5675,6.28906,1
1.6625,6.28906,1
1.7575,6.28906,1
1.8525,6.28906,1
1.9475,6.28906,1
2.0425,6.28906,1
2.1375,6.28906,1
2.2325,6.28906,1
2.3275,6.28906,1
2.4225,6.28906,1
2.5175,6.28906,1
2.6125,6.28906,1
2.7075,6.28906,1
2.8025,6.28906,1
2.8975,6.28906,1
2.9925,6.28906,1
3.0875,6.28906,1
3.1825,6.28906,1
3.2775,6.28906,1
3.3725,6.28906,1
3.4675,6.28906,1
3.5625,6.28906,1
3.6575,6.28906,1
3.7525,6.28906,1
3.8475,6.28906,1
3.9425,6.28906,1
4.0375,6.28906,1
4.1325,6.28906,1
4.2275,6.28906,1
4.3225,6.28906,1
4.4175,6.28906,0.776046
4.5125,6.28906,0
4.6075,6.28906,0
4.7025,6.28906,0
4.7975,6.28906,0.872773
4.8925,6.28906,1
4.9875,6.28906,1
5.0825,6.28906,1
5.1775,6.28906,0.127227
5.2725,6.28906,0
5.3675,6.28906,0
5.4625,6.28906,0
5.5575,6.28906,0
5.6525,6.28906,0
5.7475,6.28906,0
5.8425,6.28906,0
5.9375,6.28906,0
6.0325,6.28906,0
0.0475,6.39844,1
0.1425,6.39844,1
0.2375,6.39844,1
0.3325,6.39844,1
0.4275,6.39844,1
0.5225,6.39844,1
0.6175,6.39844,0
0.7125,6.39844,0
0.8075,6.39844,0.22824
0.9025,6.39844,1
0.9975,6.39844,1
1.0925,6.39844,1
1.1875,6.39844,0.995714
1.2825,6.39844,1
1.3775,6.39844,1
1.4725,6.39844,1
1.5675,6.39844,1
1.6625,6.39844,1
1.7575,6.39844,1
1.8525,6.39844,1
1.9475,6.39844,1
2.0425,6.39844,1
2.1375,6.39844,1
2.2325,6.39844,1
2.3275,6.39844,1
2.4225,6.39844,1
2.5175,6.39844,1
2.6125,6.39844,1
2.7075,6.39844,1
2.8025,6.39844,1
2.8975,6.39844,1
2.9925,6.39844,1
3.0875,6.39844,1
3.1825,6.39844,1
3.2775,6.39844,1
3.3725,6.39844,1
3.4675,6.39844,1
3.5625,6.39844,1
3.6575,6.39844,1
3.7525,6.39844,1
3.8475,6.39844,1
3.9425,6.39844,1
4.0375,6.39844,1
4.1325,6.39844,1
4.2275,6.39844,1
4.3225,6.39844,1
4.4175,6.39844,0.776046
4.5125,6.39844,0
4.6075,6.39844,0
4.7025,6.39844,0
4.7975,6.39844,0.872773
4.8925,6.39844,1
4.9875,6.39844,1
5.0825,6.39844,1
5.1775,6.39844,0.127227
5.2725,6.39844,0
5.3675,6.39844,0
5.4625,6.39844,0
5.5575,6.39844,0
5.6525,6.39844,0
5.7475,6.39844,0
5.8425,6.39844,0
5.9375,6.39844,0
6.0325,6.39844,0
0.0475,6.50781,1
0.1425,6.50781,1
0.2375,6.50781,1
0.3325,6.50781,1
0.4275,6.50781,1
0.5225,6.50781,1
0.6175,6.50781,0
0.7125,6.50781,0
0.8075,6.50781,0.22824
0.9025,6.50781,1
0.9975,6.50781,1
1.0925,6.50781,1
1.1875,6.50781,0.977331
1.2825,6.50781,0.917918
1.3775,6.50781,0.917918
1.4725,6.50781,0.917918
1.5675,6.50781,0.917918
1.6625,6.50781,0.917918
1.7575,6.50781,0.917918
1.8525,6.50781,0.917918
1.9475,6.50781,0.917918
2.0425,6.50781,0.917918
2.1375,6.50781,0.917918
2.2325,6.50781,0.917918
2.3275,6.50781,0.917918
2.4225,6.50781,0.917918
2.5175,6.50781,0.917918
2.6125,6.50781,0.917918
2.7075,6.50781,0.917918
2.8025,6.50781,0.917918
2.8975,6.50781,0.917918
2.9925,6.50781,0.917918
3.0875,6.50781,0.917918
3.1825,6.50781,0.917918
3.2775,6.50781,0.917918
3.3725,6.50781,0.917918
3.4675,6.50781,0.917918
3.5625,6.50781,0.917918
3.6575,6.50781,0.917918
3.7525,6.50781,0.917918
3.8475,6.50781,0.917918
3.9425,6.50781,0.917918
4.0375,6.50781,0.917918
4.1325,6.50781,0.917918
4.2275,6.50781,0.917918
4.3225,6.50781,0.917918
4.4175,6.50781,0.712346
4.5125,6.50781,0
4.6075,6.50781,0
4.7025,6.50781,0
4.7975,6.50781,0.872773
4.8925,6.50781,1
4.9875,6.50781,1
5.0825,6.50781,1
5.1775,6.50781,0.127227
5.2725,6.50781,0
5.3675,6.50781,0
5.4625,6.50781,0
5.5575,6.50781,0
5.6525,6.50781,0
5.7475,6.50781,0
5.8425,6.50781,0
5.9375,6.50781,0
6.0325,6.50781,0
0.0475,6.61719,1
0.1425,6.61719,1
0.2375,6.61719,1
0.3325,6.61719,1
0.4275,6.61719,1
0.5225,6.61719,1
0.6175,6.61719,0
0.7125,6.61719,0
0.8075,6.61719,0.22824
0.9025,6.61719,1
0.9975,6.61719,1
1.0925,6.61719,1
1.1875,6.61719,0.77176
1.2825,6.61719,0
1.3775,6.61719,0
1.4725,6.61719,0
1.5675,6.61719,0
1.6625,6.61719,0
1.7575,6.61719,0
1.8525,6.61719,0
1.9475,6.61719,0
2.0425,6.61719,0
2.1375,6.61719,0
2.2325,6.61719,0
2.3275,6.61719,0
2.4225,6.61719,0
2.5175,6.61719,0
2.6125,6.61719,0
2.7075,6.61719,0
2.8025,6.61719,0
2.8975,6.61719,0
2.9925,6.61719,0
3.0875,6.61719,0
3.1825,6.61719,0
3.2775,6.61719,0
3.3725,6.61719,0
3.4675,6.61719,0
3.5625,6.61719,0
3.6575,6.61719,0
3.7525,6.61719,0
3.8475,6.61719,0
3.9425,6.61719,0
4.0375,6.61719,0
4.1325,6.61719,0
4.2275,6.61719,0
4.3225,6.61719,0
4.4175,6.61719,0
4.5125,6.61719,0
4.6075,6.61719,0
4.7025,6.61719,0
4.7975,6.61719,0.872773
4.8925,6.61719,1
4.9875,6.61719,1
5.0825,6.61719,1
5.1775,6.61719,0.127227
5.2725,6.61719,0
5.3675,6.61719,0
5.4625,6.61719,0
5.5575,6.61719,0
5.6525,6.61719,0
5.7475,6.61719,0
5.8425,6.61719,0
5.9375,6.61719,0
6.0325,6.61719,0
0.0475,6.72656,1
0.1425,6.72656,1
0.2375,6.72656,1
0.3325,6.72656,1
0.4275,6.72656,1
0.5225,6.72656,1
0.6175,6.72656,0
0.7125,6.72656,0
0.8075,6.72656,0.22824
0.9025,6.72656,1
0.9975,6.72656,1
1.0925,6.72656,1
1.1875,6.72656,0.77176
1.2825,6.72656,0
1.3775,6.72656,0
1.4725,6.72656,0
1.5675,6.72656,0
1.6625,6.72656,0
1.7575,6.72656,0
1.8525,6.72656,0
1.9475,6.72656,0
2.0425,6.72656,0
2.1375,6.72656,0
2.2325,6.72656,0
2.3275,6.72656,0
2.4225,6.72656,0
2.5175,6.72656,0
2.6125,6.72656,0
2.7075,6.72656,0
2.8025,6.72656,0
2.8975,6.72656,0
2.9925,6.72656,0
3.0875,6.72656,0
3.1825,6.72656,0
3.2775,6.72656,0
3.3725,6.72656,0
3.4675,6.72656,0
3.5625,6.72656,0
3.6575,6.72656,0
3.7525,6.72656,0
3.8475,6.72656,0
3.9425,6.72656,0
4.0375,6.72656,0
4.1325,6.72656,0
4.2275,6.72656,0
4.3225,6.72656,0
4.4175,6.72656,0
4.5125,6.72656,0
4.6075,6.72656,0
4.7025,6.72656,0
4.7975,6.72656,0.872773
4.8925,6.72656,1
4.9875,6.72656,1
5.0825,6.72656,1
5.1775,6.72656,0.127227
5.2725,6.72656,0
5.3675,6.72656,0
5.4625,6.72656,0
5.5575,6.72656,0
5.6525,6.72656,0
5.7475,6.72656,0
5.8425,6.72656,0
5.9375,6.72656,0
6.0325,6.72656,0
0.0475,6.83594,1
0.1425,6.83594,1
0.2375,6.83594,1
0.3325,6.83594,1
0.4275,6.83594,1
0.5225,6.83594,1
0.6175,6.83594,0
0.7125,6.83594,0
0.8075,6.83594,0.22824
0.9025,6.83594,1
0.9975,6.83594,1
1.0925,6.83594,1
1.1875,6.83594,0.77176
1.2825,6.83594,0
1.3775,6.83594,0
1.4725,6.83594,0
1.5675,6.83594,0
1.6625,6.83594,0
1.7575,6.83594,0
1.8525,6.83594,0
1.9475,6.83594,0
2.0425,6.83594,0
2.1375,6.83594,0
2.2325,6.83594,0
2.3275,6.83594,0
2.4225,6.83594,0
2.5175,6.83594,0
2.6125,6.83594,0
2.7075,6.83594,0
2.8025,6.83594,0
2.8975,6.83594,0
2.9925,6.83594,0
3.0875,6.83594,0
3.1825,6.83594,0
3.2775,6.83594,0
3.3725,6.83594,0
3.4675,6.83594,0
3.5625,6.83594,0
3.6575,6.83594,0
3.7525,6.83594,0
3.8475,6.83594,0
3.9425,6.83594,0
4.0375,6.83594,0
4.1325,6.83594,0
4.2275,6.83594,0
4.3225,6.83594,0
4.4175,6.83594,0
4.5125,6.83594,0
4.6075,6.83594,0
4.7025,6.83594,0
4.7975,6.83594,0.522884
4.8925,6.83594,0.599106
4.9875,6.83594,0.599106
5.0825,6.83594,0.599106
5.1775,6.83594,0.0762223
5.2725,6.83594,0
5.3675,6.83594,0
5.4625,6.83594,0
5.5575,6.83594,0
5.6525,6.83594,0
5.7475,6.83594,0
5.8425,6.83594,0
5.9375,6.83594,0
6.0325,6.83594,0
0.0475,6.94531,1
0.1425,6.94531,1
0.2375,6.94531,1
0.3325,6.94531,1
0.4275,6.94531,1
0.5225,6.94531,1
0.6175,6.94531,0
0.7125,6.94531,0
0.8075,6.94531,0.22824
0.9025,6.94531,1
0.9975,6.94531,1
1.0925,6.94531,1
1.1875,6.94531,0.77176
1.2825,6.94531,0
1.3775,6.94531,0
1.4725,6.94531,0
1.5675,6.94531,0
1.6625,6.94531,0
1.7575,6.94531,0
1.8525,6.94531,0
1.9475,6.94531,0
2.0425,6.94531,0
2.1375,6.94531,0
2.2325,6.94531,0
2.3275,6.94531,0
2.4225,6.94531,0
2.5175,6.94531,0
2.6125,6.94531,0
2.7075,6.94531,0
2.8025,6.94531,0
2.8975,6.94531,0
2.9925,6.94531,0
3.0875,6.94531,0
3.1825,6.94531,0
3.2775,6.94531,0
3.3725,6.94531,0
3.4675,6.94531,0
3.5625,6.94531,0
3.6575,6.94531,0
3.7525,6.94531,0
3.8475,6.94531,0
3.9425,6.94531,0
4.0375,6.94531,0
4.1325,6.94531,0
4.2275,6.94531,0
4.3225,6.94531,0
4.4175,6.94531,0
4.5125,6.94531,0
4.6075,6.94531,0
4.7025,6.94531,0
4.7975,6.94531,0
4.8925,6.94531,0
4.9875,6.94531,0
5.0825,6.94531,0
5.1775,6.94531,0
5.2725,6.94531,0
5.3675,6.94531,0
5.4625,6.94531,0
5.5575,6.94531,0
5.6525,6.94531,0
5.7475,6.94531,0
5.8425,6.94531,0
5.9375,6.94531,0
6.0325,6.94531,0
